{"v":"5.2.1","fr":29.9700012207031,"ip":0,"op":110.000004480392,"w":400,"h":400,"nm":"Comp 1","ddd":0,"assets":[{"id":"comp_0","layers":[{"ddd":0,"ind":1,"ty":0,"nm":"dos","refId":"comp_1","sr":1,"ks":{"o":{"a":0,"k":100,"ix":11},"r":{"a":0,"k":180,"ix":10},"p":{"a":0,"k":[200,298,0],"ix":2},"a":{"a":0,"k":[199.5,101.5,0],"ix":1},"s":{"a":0,"k":[100,100,100],"ix":6}},"ao":0,"w":400,"h":400,"ip":0,"op":90.0000036657751,"st":0,"bm":0},{"ddd":0,"ind":2,"ty":0,"nm":"dos","refId":"comp_1","sr":1,"ks":{"o":{"a":0,"k":100,"ix":11},"r":{"a":0,"k":0,"ix":10},"p":{"a":0,"k":[199.5,101.5,0],"ix":2},"a":{"a":0,"k":[199.5,101.5,0],"ix":1},"s":{"a":0,"k":[100,100,100],"ix":6}},"ao":0,"w":400,"h":400,"ip":0,"op":90.0000036657751,"st":0,"bm":0},{"ddd":0,"ind":3,"ty":0,"nm":"uno","refId":"comp_2","sr":1,"ks":{"o":{"a":0,"k":100,"ix":11},"r":{"a":0,"k":180,"ix":10},"p":{"a":0,"k":[139.5,199.75,0],"ix":2},"a":{"a":0,"k":[260.5,200,0],"ix":1},"s":{"a":0,"k":[100,100,100],"ix":6}},"ao":0,"w":400,"h":400,"ip":0,"op":90.0000036657751,"st":0,"bm":0},{"ddd":0,"ind":4,"ty":0,"nm":"uno","refId":"comp_2","sr":1,"ks":{"o":{"a":0,"k":100,"ix":11},"r":{"a":0,"k":0,"ix":10},"p":{"a":0,"k":[260.5,200,0],"ix":2},"a":{"a":0,"k":[260.5,200,0],"ix":1},"s":{"a":0,"k":[100,100,100],"ix":6}},"ao":0,"w":400,"h":400,"ip":0,"op":90.0000036657751,"st":0,"bm":0},{"ddd":0,"ind":5,"ty":4,"nm":"Capa de formas 6","td":1,"sr":1,"ks":{"o":{"a":0,"k":100,"ix":11},"r":{"a":0,"k":0,"ix":10},"p":{"a":0,"k":[171.313,200.938,0],"ix":2},"a":{"a":0,"k":[28.313,-1.563,0],"ix":1},"s":{"a":0,"k":[-100,-100,100],"ix":6}},"ao":0,"shapes":[{"ty":"gr","it":[{"ind":0,"ty":"sh","ix":1,"ks":{"a":0,"k":{"i":[[-20.875,-20.125],[0,-37.5],[36,-37]],"o":[[20.875,24.625],[-0.25,39.5],[-13,12.5]],"v":[[-5.625,-98.125],[65,-1.75],[-6.5,96.75]],"c":false},"ix":2},"nm":"Trazado 1","mn":"ADBE Vector Shape - Group","hd":false},{"ty":"st","c":{"a":0,"k":[0.898038976333,0.956862984452,0.058824000639,1],"ix":3},"o":{"a":0,"k":100,"ix":4},"w":{"a":0,"k":10,"ix":5},"lc":1,"lj":1,"ml":4,"ml2":{"a":0,"k":4,"ix":8},"nm":"Trazo 1","mn":"ADBE Vector Graphic - Stroke","hd":false},{"ty":"fl","c":{"a":0,"k":[1,0,0,1],"ix":4},"o":{"a":0,"k":0,"ix":5},"r":1,"nm":"Relleno 1","mn":"ADBE Vector Graphic - Fill","hd":true},{"ty":"tr","p":{"a":0,"k":[0,0],"ix":2},"a":{"a":0,"k":[0,0],"ix":1},"s":{"a":0,"k":[100,100],"ix":3},"r":{"a":0,"k":0,"ix":6},"o":{"a":0,"k":100,"ix":7},"sk":{"a":0,"k":0,"ix":4},"sa":{"a":0,"k":0,"ix":5},"nm":"Transformar"}],"nm":"Forma 1","np":3,"cix":2,"ix":1,"mn":"ADBE Vector Group","hd":false},{"ty":"tm","s":{"a":0,"k":0,"ix":1},"e":{"a":1,"k":[{"i":{"x":[0],"y":[0.988]},"o":{"x":[0.333],"y":[0]},"n":["0_0p988_0p333_0"],"t":4,"s":[0],"e":[100]},{"t":14.0000005702317}],"ix":2},"o":{"a":0,"k":0,"ix":3},"m":1,"ix":2,"nm":"Recortar trazados 1","mn":"ADBE Vector Filter - Trim","hd":false}],"ip":0,"op":90.0000036657751,"st":0,"bm":0},{"ddd":0,"ind":6,"ty":4,"nm":"Muitu-logoTIPO contornos 5","tt":1,"sr":1,"ks":{"o":{"a":0,"k":100,"ix":11},"r":{"a":0,"k":0,"ix":10},"p":{"a":0,"k":[200,200,0],"ix":2},"a":{"a":0,"k":[2524.22,921.336,0],"ix":1},"s":{"a":0,"k":[26.303,26.303,100],"ix":6}},"ao":0,"shapes":[{"ty":"gr","it":[{"ind":0,"ty":"sh","ix":1,"ks":{"a":0,"k":{"i":[[11.676,-40.651],[0.645,0.541],[0,24.439],[-17.464,14.417],[-0.675,0.543]],"o":[[-0.675,-0.543],[-17.464,-14.418],[0,-24.439],[0.645,-0.541],[11.676,40.683]],"v":[[216.706,62.314],[214.709,60.689],[186.109,0.001],[214.709,-60.687],[216.706,-62.312]],"c":true},"ix":2},"nm":"Trazado 1","mn":"ADBE Vector Shape - Group","hd":false},{"ind":1,"ty":"sh","ix":2,"ks":{"a":0,"k":{"i":[[0.031,-0.102],[4.637,-8.257],[0.678,-1.115],[0.714,0.44],[0,46.606],[-36.486,23.525],[-0.712,0.408],[-0.642,-1.151],[-3.491,-8.699],[-0.032,-0.102],[0.679,-0.475],[0.373,-33.338],[0,0],[0,0],[-25.451,-17.802],[-0.709,-0.407]],"o":[[-3.491,8.729],[-0.642,1.152],[-0.712,-0.409],[-36.486,-23.527],[0,-46.607],[0.714,-0.441],[0.678,1.116],[4.637,8.293],[0.031,0.101],[-0.709,0.406],[-25.451,17.802],[0,0],[0,0],[0.373,33.336],[0.679,0.475],[-0.032,0.101]],"v":[[209.534,83.469],[197.414,108.989],[195.451,112.409],[193.352,111.123],[132.733,0.001],[193.352,-111.12],[195.451,-112.406],[197.414,-108.985],[209.534,-83.464],[209.667,-83.126],[207.601,-81.775],[165.057,-1.218],[166.276,0.001],[165.057,1.22],[207.601,81.776],[209.667,83.131]],"c":true},"ix":2},"nm":"Trazado 2","mn":"ADBE Vector Shape - Group","hd":false},{"ind":2,"ty":"sh","ix":3,"ks":{"a":0,"k":{"i":[[4.57,-4.741],[1.017,-1.021],[0,0],[1.622,1.082],[47.924,0],[36.862,-24.54],[1.866,-1.32],[0,0],[0,0],[0.984,1.047],[4.025,5.046],[-1.083,0.709],[0,58.251],[45.118,30.057],[1.116,0.675],[-4.568,4.74],[-1.015,1.015],[0,0],[0,0],[-1.895,-1.252],[-47.727,0],[-37.065,24.946],[-1.559,1.084],[0,0],[0,0],[-0.983,-1.049],[-4.061,-5.043],[0.71,-0.473],[0,-58.724],[-45.729,-29.92],[-0.743,-0.406]],"o":[[-0.983,1.047],[0,0],[-1.554,-1.153],[-37.032,-24.844],[-47.592,0],[-1.897,1.253],[0,0],[0,0],[-1.015,-1.021],[-4.568,-4.741],[1.116,-0.677],[45.118,-30.06],[0,-58.251],[-1.083,-0.709],[4.025,-5.045],[0.984,-1.049],[0,0],[0,0],[1.861,1.32],[36.892,24.674],[48.061,0],[1.59,-1.05],[0,0],[0,0],[1.017,1.015],[4.57,4.74],[-0.743,0.407],[-45.729,29.919],[0,58.727],[0.71,0.475],[-4.061,5.043]],"v":[[162.451,156.344],[159.437,159.458],[134.355,184.538],[129.586,181.219],[0.121,141.889],[-128.57,180.748],[-134.222,184.641],[-139.974,178.885],[-159.438,159.458],[-162.451,156.344],[-175.378,141.685],[-172.13,139.589],[-97.294,0.001],[-172.13,-139.585],[-175.378,-141.682],[-162.451,-156.339],[-159.438,-159.417],[-140.143,-178.746],[-134.49,-184.398],[-128.873,-180.54],[0.121,-141.483],[129.891,-181.015],[134.595,-184.265],[140.246,-178.614],[159.437,-159.417],[162.451,-156.339],[175.414,-141.651],[173.248,-140.294],[97.327,0.001],[173.248,140.298],[175.414,141.652]],"c":true},"ix":2},"nm":"Trazado 3","mn":"ADBE Vector Shape - Group","hd":false},{"ind":3,"ty":"sh","ix":4,"ks":{"a":0,"k":{"i":[[0,0],[23.961,0],[19.697,-10.763],[0,0],[-7.481,3.452],[-27.653,0],[-23.694,-11.201],[-6.632,-4.266]],"o":[[-19.665,-10.662],[-23.999,0],[0,0],[6.906,-4.398],[23.489,-11],[27.922,0],[7.209,3.35],[0,0]],"v":[[66.291,252.604],[0.121,235.849],[-66.153,252.704],[-98.851,220.007],[-77.256,208.162],[0.121,191.036],[78.171,208.467],[98.953,219.942]],"c":true},"ix":2},"nm":"Trazado 4","mn":"ADBE Vector Shape - Group","hd":false},{"ind":4,"ty":"sh","ix":5,"ks":{"a":0,"k":{"i":[[0,0],[0,0],[-15.842,0],[-13.539,-6.025]],"o":[[0,0],[13.573,-6.091],[15.773,0],[0,0]],"v":[[0.016,318.876],[-44.289,274.569],[0.121,265.126],[44.391,274.504]],"c":true},"ix":2},"nm":"Trazado 5","mn":"ADBE Vector Shape - Group","hd":false},{"ind":5,"ty":"sh","ix":6,"ks":{"a":0,"k":{"i":[[35.776,-23.658],[1.115,-0.68],[0.641,1.152],[3.456,8.729],[0.072,0.101],[-1.118,0.81],[0,33.237],[25.014,18.138],[1.156,0.714],[-0.028,0.101],[-4.602,8.293],[-0.711,1.15],[-1.084,-0.713],[0,-46.099]],"o":[[-1.084,0.712],[-0.711,-1.149],[-4.602,-8.257],[-0.028,-0.102],[1.156,-0.711],[25.014,-18.141],[0,-33.236],[-1.118,-0.814],[0.072,-0.097],[3.456,-8.699],[0.641,-1.151],[1.115,0.678],[35.776,23.658],[0,46.1]],"v":[[-192.132,110.342],[-195.45,112.443],[-197.448,108.989],[-209.535,83.469],[-209.669,83.165],[-206.248,80.828],[-164.988,0.001],[-206.248,-80.824],[-209.669,-83.163],[-209.535,-83.464],[-197.448,-108.985],[-195.45,-112.439],[-192.132,-110.339],[-132.731,0.001]],"c":true},"ix":2},"nm":"Trazado 6","mn":"ADBE Vector Shape - Group","hd":false},{"ind":6,"ty":"sh","ix":7,"ks":{"a":0,"k":{"i":[[16.685,-14.383],[1.185,-0.882],[-11.61,40.649],[-1.12,-0.98],[0,-23.796]],"o":[[-1.12,0.982],[-11.61,-40.617],[1.185,0.884],[16.685,14.387],[0,23.793]],"v":[[-213.355,59.503],[-216.774,62.281],[-216.774,-62.277],[-213.355,-59.505],[-186.108,0.001]],"c":true},"ix":2},"nm":"Trazado 7","mn":"ADBE Vector Shape - Group","hd":false},{"ind":7,"ty":"sh","ix":8,"ks":{"a":0,"k":{"i":[[0,0],[-24.136,0],[-19.733,10.798],[0,0],[7.107,-3.348],[28.126,0],[23.658,11.139],[6.835,4.366]],"o":[[19.736,10.831],[24.061,0],[0,0],[-6.567,4.232],[-23.828,11.311],[-27.893,0],[-7.345,-3.452],[0,0]],"v":[[-66.461,-252.396],[0.121,-235.406],[66.56,-252.332],[99.222,-219.635],[78.712,-208.233],[0.121,-190.592],[-77.831,-207.955],[-99.119,-219.734]],"c":true},"ix":2},"nm":"Trazado 8","mn":"ADBE Vector Shape - Group","hd":false},{"ind":8,"ty":"sh","ix":9,"ks":{"a":0,"k":{"i":[[0,0],[0,0],[15.872,0],[13.64,6.154]],"o":[[0,0],[-13.607,6.128],[-15.944,0],[0,0]],"v":[[0.016,-318.875],[44.695,-274.197],[0.121,-264.686],[-44.594,-274.26]],"c":true},"ix":2},"nm":"Trazado 9","mn":"ADBE Vector Shape - Group","hd":false},{"ind":9,"ty":"sh","ix":10,"ks":{"a":0,"k":{"i":[[15.574,50.668],[2.637,6.631],[5.415,9.711],[7.479,9.954],[7.616,7.886],[1.184,1.182],[0,0],[0,0],[0,0],[0,0],[1.152,-1.218],[6.431,-8.526],[5.891,-10.698],[4.062,-10.228],[2.065,-6.805],[-15.571,-50.669],[-2.639,-6.635],[-5.379,-9.711],[-7.48,-9.953],[-7.615,-7.891],[-1.184,-1.185],[0,0],[0,0],[0,0],[0,0],[0,0],[0,0],[0,0],[-1.151,1.217],[-6.432,8.526],[-5.889,10.698],[-4.097,10.223],[-2.063,6.805]],"o":[[-2.063,-6.805],[-4.097,-10.228],[-5.889,-10.698],[-6.432,-8.526],[-1.151,-1.218],[0,0],[0,0],[0,0],[0,0],[-1.184,1.182],[-7.615,7.886],[-7.48,9.954],[-5.379,9.711],[-2.639,6.631],[-15.571,50.668],[2.065,6.805],[4.062,10.223],[5.891,10.698],[6.431,8.526],[1.152,1.217],[0,0],[0,0],[0,0],[0,0],[0,0],[0,0],[0,0],[1.184,-1.185],[7.616,-7.891],[7.479,-9.953],[5.415,-9.711],[2.637,-6.635],[15.574,-50.669]],"v":[[253.192,-77.879],[246.121,-98.051],[231.906,-128.007],[211.868,-158.981],[190.813,-183.653],[187.294,-187.273],[0.016,-374.554],[-129.888,-244.646],[-164.618,-209.953],[-187.294,-187.273],[-190.814,-183.653],[-211.865,-158.981],[-231.94,-128.007],[-246.121,-98.051],[-253.195,-77.879],[-253.195,77.881],[-246.121,98.056],[-231.94,128.01],[-211.865,158.983],[-190.814,183.659],[-187.294,187.276],[-164.412,210.126],[-129.685,244.886],[-77.291,297.281],[0.016,374.554],[98.14,276.431],[164.547,210.024],[187.294,187.276],[190.813,183.659],[211.868,158.983],[231.906,128.01],[246.121,98.056],[253.192,77.881]],"c":true},"ix":2},"nm":"Trazado 10","mn":"ADBE Vector Shape - Group","hd":false},{"ty":"mm","mm":1,"nm":"Combinar trazados 1","mn":"ADBE Vector Filter - Merge","hd":false},{"ty":"gr","it":[{"ty":"tr","p":{"a":0,"k":[0,0],"ix":2},"a":{"a":0,"k":[0,0],"ix":1},"s":{"a":0,"k":[100,100],"ix":3},"r":{"a":0,"k":0,"ix":6},"o":{"a":0,"k":100,"ix":7},"sk":{"a":0,"k":0,"ix":4},"sa":{"a":0,"k":0,"ix":5},"nm":"Transformar"}],"nm":"Grupo 1","np":0,"cix":2,"ix":12,"mn":"ADBE Vector Group","hd":false},{"ty":"mm","mm":4,"nm":"Combinar trazados 2","mn":"ADBE Vector Filter - Merge","hd":false},{"ty":"fl","c":{"a":0,"k":[0.082257506427,0.062024744819,0.066905534034,1],"ix":4},"o":{"a":0,"k":100,"ix":5},"r":1,"nm":"Relleno 1","mn":"ADBE Vector Graphic - Fill","hd":false},{"ty":"tr","p":{"a":0,"k":[2524.221,921.336],"ix":2},"a":{"a":0,"k":[0,0],"ix":1},"s":{"a":0,"k":[100,100],"ix":3},"r":{"a":0,"k":0,"ix":6},"o":{"a":0,"k":100,"ix":7},"sk":{"a":0,"k":0,"ix":4},"sa":{"a":0,"k":0,"ix":5},"nm":"Transformar"}],"nm":"Grupo 23","np":14,"cix":2,"ix":1,"mn":"ADBE Vector Group","hd":false}],"ip":0,"op":90.0000036657751,"st":0,"bm":0},{"ddd":0,"ind":7,"ty":4,"nm":"Capa de formas 5","td":1,"sr":1,"ks":{"o":{"a":0,"k":100,"ix":11},"r":{"a":0,"k":0,"ix":10},"p":{"a":0,"k":[228.813,198.438,0],"ix":2},"a":{"a":0,"k":[28.313,-1.563,0],"ix":1},"s":{"a":0,"k":[100,100,100],"ix":6}},"ao":0,"shapes":[{"ty":"gr","it":[{"ind":0,"ty":"sh","ix":1,"ks":{"a":0,"k":{"i":[[-20.875,-20.125],[0,-37.5],[36,-37]],"o":[[20.875,24.625],[-0.25,39.5],[-13,12.5]],"v":[[-8.375,-99.875],[65,-1.75],[-2.25,93.25]],"c":false},"ix":2},"nm":"Trazado 1","mn":"ADBE Vector Shape - Group","hd":false},{"ty":"st","c":{"a":0,"k":[0.898038976333,0.956862984452,0.058824000639,1],"ix":3},"o":{"a":0,"k":100,"ix":4},"w":{"a":0,"k":10,"ix":5},"lc":1,"lj":1,"ml":4,"ml2":{"a":0,"k":4,"ix":8},"nm":"Trazo 1","mn":"ADBE Vector Graphic - Stroke","hd":false},{"ty":"fl","c":{"a":0,"k":[1,0,0,1],"ix":4},"o":{"a":0,"k":0,"ix":5},"r":1,"nm":"Relleno 1","mn":"ADBE Vector Graphic - Fill","hd":true},{"ty":"tr","p":{"a":0,"k":[0,0],"ix":2},"a":{"a":0,"k":[0,0],"ix":1},"s":{"a":0,"k":[100,100],"ix":3},"r":{"a":0,"k":0,"ix":6},"o":{"a":0,"k":100,"ix":7},"sk":{"a":0,"k":0,"ix":4},"sa":{"a":0,"k":0,"ix":5},"nm":"Transformar"}],"nm":"Forma 1","np":3,"cix":2,"ix":1,"mn":"ADBE Vector Group","hd":false},{"ty":"tm","s":{"a":0,"k":0,"ix":1},"e":{"a":1,"k":[{"i":{"x":[0],"y":[0.988]},"o":{"x":[0.333],"y":[0]},"n":["0_0p988_0p333_0"],"t":4,"s":[0],"e":[100]},{"t":14.0000005702317}],"ix":2},"o":{"a":0,"k":0,"ix":3},"m":1,"ix":2,"nm":"Recortar trazados 1","mn":"ADBE Vector Filter - Trim","hd":false}],"ip":0,"op":90.0000036657751,"st":0,"bm":0},{"ddd":0,"ind":8,"ty":4,"nm":"Muitu-logoTIPO contornos","tt":1,"sr":1,"ks":{"o":{"a":0,"k":100,"ix":11},"r":{"a":0,"k":0,"ix":10},"p":{"a":0,"k":[200,200,0],"ix":2},"a":{"a":0,"k":[2524.22,921.336,0],"ix":1},"s":{"a":0,"k":[26.303,26.303,100],"ix":6}},"ao":0,"shapes":[{"ty":"gr","it":[{"ind":0,"ty":"sh","ix":1,"ks":{"a":0,"k":{"i":[[11.676,-40.651],[0.645,0.541],[0,24.439],[-17.464,14.417],[-0.675,0.543]],"o":[[-0.675,-0.543],[-17.464,-14.418],[0,-24.439],[0.645,-0.541],[11.676,40.683]],"v":[[216.706,62.314],[214.709,60.689],[186.109,0.001],[214.709,-60.687],[216.706,-62.312]],"c":true},"ix":2},"nm":"Trazado 1","mn":"ADBE Vector Shape - Group","hd":false},{"ind":1,"ty":"sh","ix":2,"ks":{"a":0,"k":{"i":[[0.031,-0.102],[4.637,-8.257],[0.678,-1.115],[0.714,0.44],[0,46.606],[-36.486,23.525],[-0.712,0.408],[-0.642,-1.151],[-3.491,-8.699],[-0.032,-0.102],[0.679,-0.475],[0.373,-33.338],[0,0],[0,0],[-25.451,-17.802],[-0.709,-0.407]],"o":[[-3.491,8.729],[-0.642,1.152],[-0.712,-0.409],[-36.486,-23.527],[0,-46.607],[0.714,-0.441],[0.678,1.116],[4.637,8.293],[0.031,0.101],[-0.709,0.406],[-25.451,17.802],[0,0],[0,0],[0.373,33.336],[0.679,0.475],[-0.032,0.101]],"v":[[209.534,83.469],[197.414,108.989],[195.451,112.409],[193.352,111.123],[132.733,0.001],[193.352,-111.12],[195.451,-112.406],[197.414,-108.985],[209.534,-83.464],[209.667,-83.126],[207.601,-81.775],[165.057,-1.218],[166.276,0.001],[165.057,1.22],[207.601,81.776],[209.667,83.131]],"c":true},"ix":2},"nm":"Trazado 2","mn":"ADBE Vector Shape - Group","hd":false},{"ind":2,"ty":"sh","ix":3,"ks":{"a":0,"k":{"i":[[4.57,-4.741],[1.017,-1.021],[0,0],[1.622,1.082],[47.924,0],[36.862,-24.54],[1.866,-1.32],[0,0],[0,0],[0.984,1.047],[4.025,5.046],[-1.083,0.709],[0,58.251],[45.118,30.057],[1.116,0.675],[-4.568,4.74],[-1.015,1.015],[0,0],[0,0],[-1.895,-1.252],[-47.727,0],[-37.065,24.946],[-1.559,1.084],[0,0],[0,0],[-0.983,-1.049],[-4.061,-5.043],[0.71,-0.473],[0,-58.724],[-45.729,-29.92],[-0.743,-0.406]],"o":[[-0.983,1.047],[0,0],[-1.554,-1.153],[-37.032,-24.844],[-47.592,0],[-1.897,1.253],[0,0],[0,0],[-1.015,-1.021],[-4.568,-4.741],[1.116,-0.677],[45.118,-30.06],[0,-58.251],[-1.083,-0.709],[4.025,-5.045],[0.984,-1.049],[0,0],[0,0],[1.861,1.32],[36.892,24.674],[48.061,0],[1.59,-1.05],[0,0],[0,0],[1.017,1.015],[4.57,4.74],[-0.743,0.407],[-45.729,29.919],[0,58.727],[0.71,0.475],[-4.061,5.043]],"v":[[162.451,156.344],[159.437,159.458],[134.355,184.538],[129.586,181.219],[0.121,141.889],[-128.57,180.748],[-134.222,184.641],[-139.974,178.885],[-159.438,159.458],[-162.451,156.344],[-175.378,141.685],[-172.13,139.589],[-97.294,0.001],[-172.13,-139.585],[-175.378,-141.682],[-162.451,-156.339],[-159.438,-159.417],[-140.143,-178.746],[-134.49,-184.398],[-128.873,-180.54],[0.121,-141.483],[129.891,-181.015],[134.595,-184.265],[140.246,-178.614],[159.437,-159.417],[162.451,-156.339],[175.414,-141.651],[173.248,-140.294],[97.327,0.001],[173.248,140.298],[175.414,141.652]],"c":true},"ix":2},"nm":"Trazado 3","mn":"ADBE Vector Shape - Group","hd":false},{"ind":3,"ty":"sh","ix":4,"ks":{"a":0,"k":{"i":[[0,0],[23.961,0],[19.697,-10.763],[0,0],[-7.481,3.452],[-27.653,0],[-23.694,-11.201],[-6.632,-4.266]],"o":[[-19.665,-10.662],[-23.999,0],[0,0],[6.906,-4.398],[23.489,-11],[27.922,0],[7.209,3.35],[0,0]],"v":[[66.291,252.604],[0.121,235.849],[-66.153,252.704],[-98.851,220.007],[-77.256,208.162],[0.121,191.036],[78.171,208.467],[98.953,219.942]],"c":true},"ix":2},"nm":"Trazado 4","mn":"ADBE Vector Shape - Group","hd":false},{"ind":4,"ty":"sh","ix":5,"ks":{"a":0,"k":{"i":[[0,0],[0,0],[-15.842,0],[-13.539,-6.025]],"o":[[0,0],[13.573,-6.091],[15.773,0],[0,0]],"v":[[0.016,318.876],[-44.289,274.569],[0.121,265.126],[44.391,274.504]],"c":true},"ix":2},"nm":"Trazado 5","mn":"ADBE Vector Shape - Group","hd":false},{"ind":5,"ty":"sh","ix":6,"ks":{"a":0,"k":{"i":[[35.776,-23.658],[1.115,-0.68],[0.641,1.152],[3.456,8.729],[0.072,0.101],[-1.118,0.81],[0,33.237],[25.014,18.138],[1.156,0.714],[-0.028,0.101],[-4.602,8.293],[-0.711,1.15],[-1.084,-0.713],[0,-46.099]],"o":[[-1.084,0.712],[-0.711,-1.149],[-4.602,-8.257],[-0.028,-0.102],[1.156,-0.711],[25.014,-18.141],[0,-33.236],[-1.118,-0.814],[0.072,-0.097],[3.456,-8.699],[0.641,-1.151],[1.115,0.678],[35.776,23.658],[0,46.1]],"v":[[-192.132,110.342],[-195.45,112.443],[-197.448,108.989],[-209.535,83.469],[-209.669,83.165],[-206.248,80.828],[-164.988,0.001],[-206.248,-80.824],[-209.669,-83.163],[-209.535,-83.464],[-197.448,-108.985],[-195.45,-112.439],[-192.132,-110.339],[-132.731,0.001]],"c":true},"ix":2},"nm":"Trazado 6","mn":"ADBE Vector Shape - Group","hd":false},{"ind":6,"ty":"sh","ix":7,"ks":{"a":0,"k":{"i":[[16.685,-14.383],[1.185,-0.882],[-11.61,40.649],[-1.12,-0.98],[0,-23.796]],"o":[[-1.12,0.982],[-11.61,-40.617],[1.185,0.884],[16.685,14.387],[0,23.793]],"v":[[-213.355,59.503],[-216.774,62.281],[-216.774,-62.277],[-213.355,-59.505],[-186.108,0.001]],"c":true},"ix":2},"nm":"Trazado 7","mn":"ADBE Vector Shape - Group","hd":false},{"ind":7,"ty":"sh","ix":8,"ks":{"a":0,"k":{"i":[[0,0],[-24.136,0],[-19.733,10.798],[0,0],[7.107,-3.348],[28.126,0],[23.658,11.139],[6.835,4.366]],"o":[[19.736,10.831],[24.061,0],[0,0],[-6.567,4.232],[-23.828,11.311],[-27.893,0],[-7.345,-3.452],[0,0]],"v":[[-66.461,-252.396],[0.121,-235.406],[66.56,-252.332],[99.222,-219.635],[78.712,-208.233],[0.121,-190.592],[-77.831,-207.955],[-99.119,-219.734]],"c":true},"ix":2},"nm":"Trazado 8","mn":"ADBE Vector Shape - Group","hd":false},{"ind":8,"ty":"sh","ix":9,"ks":{"a":0,"k":{"i":[[0,0],[0,0],[15.872,0],[13.64,6.154]],"o":[[0,0],[-13.607,6.128],[-15.944,0],[0,0]],"v":[[0.016,-318.875],[44.695,-274.197],[0.121,-264.686],[-44.594,-274.26]],"c":true},"ix":2},"nm":"Trazado 9","mn":"ADBE Vector Shape - Group","hd":false},{"ind":9,"ty":"sh","ix":10,"ks":{"a":0,"k":{"i":[[15.574,50.668],[2.637,6.631],[5.415,9.711],[7.479,9.954],[7.616,7.886],[1.184,1.182],[0,0],[0,0],[0,0],[0,0],[1.152,-1.218],[6.431,-8.526],[5.891,-10.698],[4.062,-10.228],[2.065,-6.805],[-15.571,-50.669],[-2.639,-6.635],[-5.379,-9.711],[-7.48,-9.953],[-7.615,-7.891],[-1.184,-1.185],[0,0],[0,0],[0,0],[0,0],[0,0],[0,0],[0,0],[-1.151,1.217],[-6.432,8.526],[-5.889,10.698],[-4.097,10.223],[-2.063,6.805]],"o":[[-2.063,-6.805],[-4.097,-10.228],[-5.889,-10.698],[-6.432,-8.526],[-1.151,-1.218],[0,0],[0,0],[0,0],[0,0],[-1.184,1.182],[-7.615,7.886],[-7.48,9.954],[-5.379,9.711],[-2.639,6.631],[-15.571,50.668],[2.065,6.805],[4.062,10.223],[5.891,10.698],[6.431,8.526],[1.152,1.217],[0,0],[0,0],[0,0],[0,0],[0,0],[0,0],[0,0],[1.184,-1.185],[7.616,-7.891],[7.479,-9.953],[5.415,-9.711],[2.637,-6.635],[15.574,-50.669]],"v":[[253.192,-77.879],[246.121,-98.051],[231.906,-128.007],[211.868,-158.981],[190.813,-183.653],[187.294,-187.273],[0.016,-374.554],[-129.888,-244.646],[-164.618,-209.953],[-187.294,-187.273],[-190.814,-183.653],[-211.865,-158.981],[-231.94,-128.007],[-246.121,-98.051],[-253.195,-77.879],[-253.195,77.881],[-246.121,98.056],[-231.94,128.01],[-211.865,158.983],[-190.814,183.659],[-187.294,187.276],[-164.412,210.126],[-129.685,244.886],[-77.291,297.281],[0.016,374.554],[98.14,276.431],[164.547,210.024],[187.294,187.276],[190.813,183.659],[211.868,158.983],[231.906,128.01],[246.121,98.056],[253.192,77.881]],"c":true},"ix":2},"nm":"Trazado 10","mn":"ADBE Vector Shape - Group","hd":false},{"ty":"mm","mm":1,"nm":"Combinar trazados 1","mn":"ADBE Vector Filter - Merge","hd":false},{"ty":"gr","it":[{"ty":"tr","p":{"a":0,"k":[0,0],"ix":2},"a":{"a":0,"k":[0,0],"ix":1},"s":{"a":0,"k":[100,100],"ix":3},"r":{"a":0,"k":0,"ix":6},"o":{"a":0,"k":100,"ix":7},"sk":{"a":0,"k":0,"ix":4},"sa":{"a":0,"k":0,"ix":5},"nm":"Transformar"}],"nm":"Grupo 1","np":0,"cix":2,"ix":12,"mn":"ADBE Vector Group","hd":false},{"ty":"mm","mm":4,"nm":"Combinar trazados 2","mn":"ADBE Vector Filter - Merge","hd":false},{"ty":"fl","c":{"a":0,"k":[0.082257506427,0.062024744819,0.066905534034,1],"ix":4},"o":{"a":0,"k":100,"ix":5},"r":1,"nm":"Relleno 1","mn":"ADBE Vector Graphic - Fill","hd":false},{"ty":"tr","p":{"a":0,"k":[2524.221,921.336],"ix":2},"a":{"a":0,"k":[0,0],"ix":1},"s":{"a":0,"k":[100,100],"ix":3},"r":{"a":0,"k":0,"ix":6},"o":{"a":0,"k":100,"ix":7},"sk":{"a":0,"k":0,"ix":4},"sa":{"a":0,"k":0,"ix":5},"nm":"Transformar"}],"nm":"Grupo 23","np":14,"cix":2,"ix":1,"mn":"ADBE Vector Group","hd":false}],"ip":0,"op":90.0000036657751,"st":0,"bm":0},{"ddd":0,"ind":9,"ty":4,"nm":"Capa de formas 4","sr":1,"ks":{"o":{"a":0,"k":100,"ix":11},"r":{"a":0,"k":0,"ix":10},"p":{"a":0,"k":[217,222,0],"ix":2},"a":{"a":0,"k":[0.25,0.375,0],"ix":1},"s":{"a":1,"k":[{"i":{"x":[0,0,0.667],"y":[0.969,0.969,1]},"o":{"x":[0.333,0.333,0.333],"y":[0,0,0]},"n":["0_0p969_0p333_0","0_0p969_0p333_0","0p667_1_0p333_0"],"t":9,"s":[0,0,100],"e":[66,66,100]},{"i":{"x":[0.223,0.223,0.667],"y":[0.241,0.241,1]},"o":{"x":[0.333,0.333,0.333],"y":[0,0,0]},"n":["0p223_0p241_0p333_0","0p223_0p241_0p333_0","0p667_1_0p333_0"],"t":31,"s":[66,66,100],"e":[49,49,100]},{"t":39.0000015885026}],"ix":6}},"ao":0,"shapes":[{"ty":"gr","it":[{"d":1,"ty":"el","s":{"a":0,"k":[25.5,25.5],"ix":2},"p":{"a":0,"k":[0,0],"ix":3},"nm":"Trazado elíptico 1","mn":"ADBE Vector Shape - Ellipse","hd":false},{"ty":"st","c":{"a":0,"k":[0.082352941176,0.062745098039,0.066666666667,1],"ix":3},"o":{"a":0,"k":100,"ix":4},"w":{"a":0,"k":0,"ix":5},"lc":1,"lj":1,"ml":4,"ml2":{"a":0,"k":4,"ix":8},"nm":"Trazo 1","mn":"ADBE Vector Graphic - Stroke","hd":false},{"ty":"fl","c":{"a":0,"k":[0.082352941176,0.062745098039,0.066666666667,1],"ix":4},"o":{"a":0,"k":100,"ix":5},"r":1,"nm":"Relleno 1","mn":"ADBE Vector Graphic - Fill","hd":false},{"ty":"tr","p":{"a":0,"k":[0.25,0.375],"ix":2},"a":{"a":0,"k":[0,0],"ix":1},"s":{"a":0,"k":[100,100],"ix":3},"r":{"a":0,"k":0,"ix":6},"o":{"a":0,"k":100,"ix":7},"sk":{"a":0,"k":0,"ix":4},"sa":{"a":0,"k":0,"ix":5},"nm":"Transformar"}],"nm":"Elipse 1","np":3,"cix":2,"ix":1,"mn":"ADBE Vector Group","hd":false}],"ip":7.00000028511585,"op":97.000003950891,"st":7.00000028511585,"bm":0},{"ddd":0,"ind":10,"ty":4,"nm":"Capa de formas 3","sr":1,"ks":{"o":{"a":0,"k":100,"ix":11},"r":{"a":0,"k":0,"ix":10},"p":{"a":0,"k":[184,222,0],"ix":2},"a":{"a":0,"k":[0.25,0.375,0],"ix":1},"s":{"a":1,"k":[{"i":{"x":[0,0,0.667],"y":[0.964,0.964,1]},"o":{"x":[0.333,0.333,0.333],"y":[0,0,0]},"n":["0_0p964_0p333_0","0_0p964_0p333_0","0p667_1_0p333_0"],"t":4,"s":[0,0,100],"e":[66,66,100]},{"i":{"x":[0.223,0.223,0.667],"y":[0.431,0.431,1]},"o":{"x":[0.333,0.333,0.333],"y":[0,0,0]},"n":["0p223_0p431_0p333_0","0p223_0p431_0p333_0","0p667_1_0p333_0"],"t":30,"s":[66,66,100],"e":[49,49,100]},{"t":36.0000014663101}],"ix":6}},"ao":0,"shapes":[{"ty":"gr","it":[{"d":1,"ty":"el","s":{"a":0,"k":[25.5,25.5],"ix":2},"p":{"a":0,"k":[0,0],"ix":3},"nm":"Trazado elíptico 1","mn":"ADBE Vector Shape - Ellipse","hd":false},{"ty":"st","c":{"a":0,"k":[0.082352941176,0.062745098039,0.066666666667,1],"ix":3},"o":{"a":0,"k":100,"ix":4},"w":{"a":0,"k":0,"ix":5},"lc":1,"lj":1,"ml":4,"ml2":{"a":0,"k":4,"ix":8},"nm":"Trazo 1","mn":"ADBE Vector Graphic - Stroke","hd":false},{"ty":"fl","c":{"a":0,"k":[0.082352941176,0.062745098039,0.066666666667,1],"ix":4},"o":{"a":0,"k":100,"ix":5},"r":1,"nm":"Relleno 1","mn":"ADBE Vector Graphic - Fill","hd":false},{"ty":"tr","p":{"a":0,"k":[0.25,0.375],"ix":2},"a":{"a":0,"k":[0,0],"ix":1},"s":{"a":0,"k":[100,100],"ix":3},"r":{"a":0,"k":0,"ix":6},"o":{"a":0,"k":100,"ix":7},"sk":{"a":0,"k":0,"ix":4},"sa":{"a":0,"k":0,"ix":5},"nm":"Transformar"}],"nm":"Elipse 1","np":3,"cix":2,"ix":1,"mn":"ADBE Vector Group","hd":false}],"ip":2.00000008146167,"op":92.0000037472368,"st":2.00000008146167,"bm":0},{"ddd":0,"ind":11,"ty":4,"nm":"Capa de formas 2","sr":1,"ks":{"o":{"a":0,"k":100,"ix":11},"r":{"a":0,"k":0,"ix":10},"p":{"a":0,"k":[200.25,174,0],"ix":2},"a":{"a":0,"k":[0.25,0.375,0],"ix":1},"s":{"a":1,"k":[{"i":{"x":[0,0,0.667],"y":[0.971,0.971,1]},"o":{"x":[0.333,0.333,0.333],"y":[0,0,0]},"n":["0_0p971_0p333_0","0_0p971_0p333_0","0p667_1_0p333_0"],"t":7,"s":[0,0,100],"e":[66,66,100]},{"i":{"x":[0.223,0.223,0.667],"y":[0.146,0.146,1]},"o":{"x":[0.333,0.333,0.333],"y":[0,0,0]},"n":["0p223_0p146_0p333_0","0p223_0p146_0p333_0","0p667_1_0p333_0"],"t":28,"s":[66,66,100],"e":[49,49,100]},{"t":37.0000015070409}],"ix":6}},"ao":0,"shapes":[{"ty":"gr","it":[{"d":1,"ty":"el","s":{"a":0,"k":[25.5,25.5],"ix":2},"p":{"a":0,"k":[0,0],"ix":3},"nm":"Trazado elíptico 1","mn":"ADBE Vector Shape - Ellipse","hd":false},{"ty":"st","c":{"a":0,"k":[0.082352941176,0.062745098039,0.066666666667,1],"ix":3},"o":{"a":0,"k":100,"ix":4},"w":{"a":0,"k":0,"ix":5},"lc":1,"lj":1,"ml":4,"ml2":{"a":0,"k":4,"ix":8},"nm":"Trazo 1","mn":"ADBE Vector Graphic - Stroke","hd":false},{"ty":"fl","c":{"a":0,"k":[0.082352941176,0.062745098039,0.066666666667,1],"ix":4},"o":{"a":0,"k":100,"ix":5},"r":1,"nm":"Relleno 1","mn":"ADBE Vector Graphic - Fill","hd":false},{"ty":"tr","p":{"a":0,"k":[0.25,0.375],"ix":2},"a":{"a":0,"k":[0,0],"ix":1},"s":{"a":0,"k":[100,100],"ix":3},"r":{"a":0,"k":0,"ix":6},"o":{"a":0,"k":100,"ix":7},"sk":{"a":0,"k":0,"ix":4},"sa":{"a":0,"k":0,"ix":5},"nm":"Transformar"}],"nm":"Elipse 1","np":3,"cix":2,"ix":1,"mn":"ADBE Vector Group","hd":false}],"ip":5.00000020365417,"op":95.0000038694293,"st":5.00000020365417,"bm":0},{"ddd":0,"ind":12,"ty":4,"nm":"Capa de formas 1","sr":1,"ks":{"o":{"a":0,"k":100,"ix":11},"r":{"a":0,"k":0,"ix":10},"p":{"a":0,"k":[200.25,200.375,0],"ix":2},"a":{"a":0,"k":[0.25,0.375,0],"ix":1},"s":{"a":1,"k":[{"i":{"x":[0,0,0.667],"y":[0.977,0.977,1]},"o":{"x":[0.333,0.333,0.333],"y":[0,0,0]},"n":["0_0p977_0p333_0","0_0p977_0p333_0","0p667_1_0p333_0"],"t":3,"s":[0,0,100],"e":[117,117,100]},{"i":{"x":[0.223,0.223,0.667],"y":[0.146,0.146,1]},"o":{"x":[0.333,0.333,0.333],"y":[0,0,0]},"n":["0p223_0p146_0p333_0","0p223_0p146_0p333_0","0p667_1_0p333_0"],"t":32,"s":[117,117,100],"e":[100,100,100]},{"t":41.0000016699642}],"ix":6}},"ao":0,"shapes":[{"ty":"gr","it":[{"d":1,"ty":"el","s":{"a":0,"k":[25.5,25.5],"ix":2},"p":{"a":0,"k":[0,0],"ix":3},"nm":"Trazado elíptico 1","mn":"ADBE Vector Shape - Ellipse","hd":false},{"ty":"st","c":{"a":0,"k":[0.082352941176,0.062745098039,0.066666666667,1],"ix":3},"o":{"a":0,"k":100,"ix":4},"w":{"a":0,"k":0,"ix":5},"lc":1,"lj":1,"ml":4,"ml2":{"a":0,"k":4,"ix":8},"nm":"Trazo 1","mn":"ADBE Vector Graphic - Stroke","hd":false},{"ty":"fl","c":{"a":0,"k":[0.082352941176,0.062745098039,0.066666666667,1],"ix":4},"o":{"a":0,"k":100,"ix":5},"r":1,"nm":"Relleno 1","mn":"ADBE Vector Graphic - Fill","hd":false},{"ty":"tr","p":{"a":0,"k":[0.25,0.375],"ix":2},"a":{"a":0,"k":[0,0],"ix":1},"s":{"a":0,"k":[100,100],"ix":3},"r":{"a":0,"k":0,"ix":6},"o":{"a":0,"k":100,"ix":7},"sk":{"a":0,"k":0,"ix":4},"sa":{"a":0,"k":0,"ix":5},"nm":"Transformar"}],"nm":"Elipse 1","np":3,"cix":2,"ix":1,"mn":"ADBE Vector Group","hd":false}],"ip":1.00000004073083,"op":91.000003706506,"st":1.00000004073083,"bm":0}]},{"id":"comp_1","layers":[{"ddd":0,"ind":1,"ty":4,"nm":"Capa de formas 8","td":1,"sr":1,"ks":{"o":{"a":0,"k":100,"ix":11},"r":{"a":0,"k":0,"ix":10},"p":{"a":0,"k":[200,164,0],"ix":2},"a":{"a":0,"k":[0,0,0],"ix":1},"s":{"a":0,"k":[70,70,100],"ix":6}},"ao":0,"shapes":[{"ty":"gr","it":[{"ind":0,"ty":"sh","ix":1,"ks":{"a":0,"k":{"i":[[0,0],[-24,0],[0,0]],"o":[[0,0],[24,0],[0,0]],"v":[[-34.75,-57.25],[1,-43.5],[34.5,-58]],"c":false},"ix":2},"nm":"Trazado 1","mn":"ADBE Vector Shape - Group","hd":false},{"ty":"st","c":{"a":0,"k":[0.898038976333,0.956862984452,0.058824000639,1],"ix":3},"o":{"a":0,"k":100,"ix":4},"w":{"a":0,"k":11,"ix":5},"lc":1,"lj":1,"ml":4,"ml2":{"a":0,"k":4,"ix":8},"nm":"Trazo 1","mn":"ADBE Vector Graphic - Stroke","hd":false},{"ty":"fl","c":{"a":0,"k":[1,0,0,1],"ix":4},"o":{"a":0,"k":0,"ix":5},"r":1,"nm":"Relleno 1","mn":"ADBE Vector Graphic - Fill","hd":true},{"ty":"tr","p":{"a":0,"k":[0,0],"ix":2},"a":{"a":0,"k":[0,0],"ix":1},"s":{"a":0,"k":[100,100],"ix":3},"r":{"a":0,"k":0,"ix":6},"o":{"a":0,"k":100,"ix":7},"sk":{"a":0,"k":0,"ix":4},"sa":{"a":0,"k":0,"ix":5},"nm":"Transformar"}],"nm":"Forma 1","np":3,"cix":2,"ix":1,"mn":"ADBE Vector Group","hd":false},{"ty":"tm","s":{"a":0,"k":0,"ix":1},"e":{"a":1,"k":[{"i":{"x":[0],"y":[1]},"o":{"x":[0.333],"y":[0]},"n":["0_1_0p333_0"],"t":9,"s":[0],"e":[100]},{"t":27.0000010997325}],"ix":2},"o":{"a":0,"k":0,"ix":3},"m":1,"ix":2,"nm":"Recortar trazados 1","mn":"ADBE Vector Filter - Trim","hd":false}],"ip":4.00000016292334,"op":94.0000038286985,"st":4.00000016292334,"bm":0},{"ddd":0,"ind":2,"ty":4,"nm":"Muitu-logoTIPO contornos 7","tt":1,"sr":1,"ks":{"o":{"a":0,"k":100,"ix":11},"r":{"a":0,"k":0,"ix":10},"p":{"a":0,"k":[200,200,0],"ix":2},"a":{"a":0,"k":[2524.22,921.336,0],"ix":1},"s":{"a":0,"k":[26.303,26.303,100],"ix":6}},"ao":0,"shapes":[{"ty":"gr","it":[{"ind":0,"ty":"sh","ix":1,"ks":{"a":0,"k":{"i":[[11.676,-40.651],[0.645,0.541],[0,24.439],[-17.464,14.417],[-0.675,0.543]],"o":[[-0.675,-0.543],[-17.464,-14.418],[0,-24.439],[0.645,-0.541],[11.676,40.683]],"v":[[216.706,62.314],[214.709,60.689],[186.109,0.001],[214.709,-60.687],[216.706,-62.312]],"c":true},"ix":2},"nm":"Trazado 1","mn":"ADBE Vector Shape - Group","hd":false},{"ind":1,"ty":"sh","ix":2,"ks":{"a":0,"k":{"i":[[0.031,-0.102],[4.637,-8.257],[0.678,-1.115],[0.714,0.44],[0,46.606],[-36.486,23.525],[-0.712,0.408],[-0.642,-1.151],[-3.491,-8.699],[-0.032,-0.102],[0.679,-0.475],[0.373,-33.338],[0,0],[0,0],[-25.451,-17.802],[-0.709,-0.407]],"o":[[-3.491,8.729],[-0.642,1.152],[-0.712,-0.409],[-36.486,-23.527],[0,-46.607],[0.714,-0.441],[0.678,1.116],[4.637,8.293],[0.031,0.101],[-0.709,0.406],[-25.451,17.802],[0,0],[0,0],[0.373,33.336],[0.679,0.475],[-0.032,0.101]],"v":[[209.534,83.469],[197.414,108.989],[195.451,112.409],[193.352,111.123],[132.733,0.001],[193.352,-111.12],[195.451,-112.406],[197.414,-108.985],[209.534,-83.464],[209.667,-83.126],[207.601,-81.775],[165.057,-1.218],[166.276,0.001],[165.057,1.22],[207.601,81.776],[209.667,83.131]],"c":true},"ix":2},"nm":"Trazado 2","mn":"ADBE Vector Shape - Group","hd":false},{"ind":2,"ty":"sh","ix":3,"ks":{"a":0,"k":{"i":[[4.57,-4.741],[1.017,-1.021],[0,0],[1.622,1.082],[47.924,0],[36.862,-24.54],[1.866,-1.32],[0,0],[0,0],[0.984,1.047],[4.025,5.046],[-1.083,0.709],[0,58.251],[45.118,30.057],[1.116,0.675],[-4.568,4.74],[-1.015,1.015],[0,0],[0,0],[-1.895,-1.252],[-47.727,0],[-37.065,24.946],[-1.559,1.084],[0,0],[0,0],[-0.983,-1.049],[-4.061,-5.043],[0.71,-0.473],[0,-58.724],[-45.729,-29.92],[-0.743,-0.406]],"o":[[-0.983,1.047],[0,0],[-1.554,-1.153],[-37.032,-24.844],[-47.592,0],[-1.897,1.253],[0,0],[0,0],[-1.015,-1.021],[-4.568,-4.741],[1.116,-0.677],[45.118,-30.06],[0,-58.251],[-1.083,-0.709],[4.025,-5.045],[0.984,-1.049],[0,0],[0,0],[1.861,1.32],[36.892,24.674],[48.061,0],[1.59,-1.05],[0,0],[0,0],[1.017,1.015],[4.57,4.74],[-0.743,0.407],[-45.729,29.919],[0,58.727],[0.71,0.475],[-4.061,5.043]],"v":[[162.451,156.344],[159.437,159.458],[134.355,184.538],[129.586,181.219],[0.121,141.889],[-128.57,180.748],[-134.222,184.641],[-139.974,178.885],[-159.438,159.458],[-162.451,156.344],[-175.378,141.685],[-172.13,139.589],[-97.294,0.001],[-172.13,-139.585],[-175.378,-141.682],[-162.451,-156.339],[-159.438,-159.417],[-140.143,-178.746],[-134.49,-184.398],[-128.873,-180.54],[0.121,-141.483],[129.891,-181.015],[134.595,-184.265],[140.246,-178.614],[159.437,-159.417],[162.451,-156.339],[175.414,-141.651],[173.248,-140.294],[97.327,0.001],[173.248,140.298],[175.414,141.652]],"c":true},"ix":2},"nm":"Trazado 3","mn":"ADBE Vector Shape - Group","hd":false},{"ind":3,"ty":"sh","ix":4,"ks":{"a":0,"k":{"i":[[0,0],[23.961,0],[19.697,-10.763],[0,0],[-7.481,3.452],[-27.653,0],[-23.694,-11.201],[-6.632,-4.266]],"o":[[-19.665,-10.662],[-23.999,0],[0,0],[6.906,-4.398],[23.489,-11],[27.922,0],[7.209,3.35],[0,0]],"v":[[66.291,252.604],[0.121,235.849],[-66.153,252.704],[-98.851,220.007],[-77.256,208.162],[0.121,191.036],[78.171,208.467],[98.953,219.942]],"c":true},"ix":2},"nm":"Trazado 4","mn":"ADBE Vector Shape - Group","hd":false},{"ind":4,"ty":"sh","ix":5,"ks":{"a":0,"k":{"i":[[0,0],[0,0],[-15.842,0],[-13.539,-6.025]],"o":[[0,0],[13.573,-6.091],[15.773,0],[0,0]],"v":[[0.016,318.876],[-44.289,274.569],[0.121,265.126],[44.391,274.504]],"c":true},"ix":2},"nm":"Trazado 5","mn":"ADBE Vector Shape - Group","hd":false},{"ind":5,"ty":"sh","ix":6,"ks":{"a":0,"k":{"i":[[35.776,-23.658],[1.115,-0.68],[0.641,1.152],[3.456,8.729],[0.072,0.101],[-1.118,0.81],[0,33.237],[25.014,18.138],[1.156,0.714],[-0.028,0.101],[-4.602,8.293],[-0.711,1.15],[-1.084,-0.713],[0,-46.099]],"o":[[-1.084,0.712],[-0.711,-1.149],[-4.602,-8.257],[-0.028,-0.102],[1.156,-0.711],[25.014,-18.141],[0,-33.236],[-1.118,-0.814],[0.072,-0.097],[3.456,-8.699],[0.641,-1.151],[1.115,0.678],[35.776,23.658],[0,46.1]],"v":[[-192.132,110.342],[-195.45,112.443],[-197.448,108.989],[-209.535,83.469],[-209.669,83.165],[-206.248,80.828],[-164.988,0.001],[-206.248,-80.824],[-209.669,-83.163],[-209.535,-83.464],[-197.448,-108.985],[-195.45,-112.439],[-192.132,-110.339],[-132.731,0.001]],"c":true},"ix":2},"nm":"Trazado 6","mn":"ADBE Vector Shape - Group","hd":false},{"ind":6,"ty":"sh","ix":7,"ks":{"a":0,"k":{"i":[[16.685,-14.383],[1.185,-0.882],[-11.61,40.649],[-1.12,-0.98],[0,-23.796]],"o":[[-1.12,0.982],[-11.61,-40.617],[1.185,0.884],[16.685,14.387],[0,23.793]],"v":[[-213.355,59.503],[-216.774,62.281],[-216.774,-62.277],[-213.355,-59.505],[-186.108,0.001]],"c":true},"ix":2},"nm":"Trazado 7","mn":"ADBE Vector Shape - Group","hd":false},{"ind":7,"ty":"sh","ix":8,"ks":{"a":0,"k":{"i":[[0,0],[-24.136,0],[-19.733,10.798],[0,0],[7.107,-3.348],[28.126,0],[23.658,11.139],[6.835,4.366]],"o":[[19.736,10.831],[24.061,0],[0,0],[-6.567,4.232],[-23.828,11.311],[-27.893,0],[-7.345,-3.452],[0,0]],"v":[[-66.461,-252.396],[0.121,-235.406],[66.56,-252.332],[99.222,-219.635],[78.712,-208.233],[0.121,-190.592],[-77.831,-207.955],[-99.119,-219.734]],"c":true},"ix":2},"nm":"Trazado 8","mn":"ADBE Vector Shape - Group","hd":false},{"ind":8,"ty":"sh","ix":9,"ks":{"a":0,"k":{"i":[[0,0],[0,0],[15.872,0],[13.64,6.154]],"o":[[0,0],[-13.607,6.128],[-15.944,0],[0,0]],"v":[[0.016,-318.875],[44.695,-274.197],[0.121,-264.686],[-44.594,-274.26]],"c":true},"ix":2},"nm":"Trazado 9","mn":"ADBE Vector Shape - Group","hd":false},{"ind":9,"ty":"sh","ix":10,"ks":{"a":0,"k":{"i":[[15.574,50.668],[2.637,6.631],[5.415,9.711],[7.479,9.954],[7.616,7.886],[1.184,1.182],[0,0],[0,0],[0,0],[0,0],[1.152,-1.218],[6.431,-8.526],[5.891,-10.698],[4.062,-10.228],[2.065,-6.805],[-15.571,-50.669],[-2.639,-6.635],[-5.379,-9.711],[-7.48,-9.953],[-7.615,-7.891],[-1.184,-1.185],[0,0],[0,0],[0,0],[0,0],[0,0],[0,0],[0,0],[-1.151,1.217],[-6.432,8.526],[-5.889,10.698],[-4.097,10.223],[-2.063,6.805]],"o":[[-2.063,-6.805],[-4.097,-10.228],[-5.889,-10.698],[-6.432,-8.526],[-1.151,-1.218],[0,0],[0,0],[0,0],[0,0],[-1.184,1.182],[-7.615,7.886],[-7.48,9.954],[-5.379,9.711],[-2.639,6.631],[-15.571,50.668],[2.065,6.805],[4.062,10.223],[5.891,10.698],[6.431,8.526],[1.152,1.217],[0,0],[0,0],[0,0],[0,0],[0,0],[0,0],[0,0],[1.184,-1.185],[7.616,-7.891],[7.479,-9.953],[5.415,-9.711],[2.637,-6.635],[15.574,-50.669]],"v":[[253.192,-77.879],[246.121,-98.051],[231.906,-128.007],[211.868,-158.981],[190.813,-183.653],[187.294,-187.273],[0.016,-374.554],[-129.888,-244.646],[-164.618,-209.953],[-187.294,-187.273],[-190.814,-183.653],[-211.865,-158.981],[-231.94,-128.007],[-246.121,-98.051],[-253.195,-77.879],[-253.195,77.881],[-246.121,98.056],[-231.94,128.01],[-211.865,158.983],[-190.814,183.659],[-187.294,187.276],[-164.412,210.126],[-129.685,244.886],[-77.291,297.281],[0.016,374.554],[98.14,276.431],[164.547,210.024],[187.294,187.276],[190.813,183.659],[211.868,158.983],[231.906,128.01],[246.121,98.056],[253.192,77.881]],"c":true},"ix":2},"nm":"Trazado 10","mn":"ADBE Vector Shape - Group","hd":false},{"ty":"mm","mm":1,"nm":"Combinar trazados 1","mn":"ADBE Vector Filter - Merge","hd":false},{"ty":"gr","it":[{"ty":"tr","p":{"a":0,"k":[0,0],"ix":2},"a":{"a":0,"k":[0,0],"ix":1},"s":{"a":0,"k":[100,100],"ix":3},"r":{"a":0,"k":0,"ix":6},"o":{"a":0,"k":100,"ix":7},"sk":{"a":0,"k":0,"ix":4},"sa":{"a":0,"k":0,"ix":5},"nm":"Transformar"}],"nm":"Grupo 1","np":0,"cix":2,"ix":12,"mn":"ADBE Vector Group","hd":false},{"ty":"mm","mm":4,"nm":"Combinar trazados 2","mn":"ADBE Vector Filter - Merge","hd":false},{"ty":"fl","c":{"a":0,"k":[0.082257506427,0.062024744819,0.066905534034,1],"ix":4},"o":{"a":0,"k":100,"ix":5},"r":1,"nm":"Relleno 1","mn":"ADBE Vector Graphic - Fill","hd":false},{"ty":"tr","p":{"a":0,"k":[2524.221,921.336],"ix":2},"a":{"a":0,"k":[0,0],"ix":1},"s":{"a":0,"k":[100,100],"ix":3},"r":{"a":0,"k":0,"ix":6},"o":{"a":0,"k":100,"ix":7},"sk":{"a":0,"k":0,"ix":4},"sa":{"a":0,"k":0,"ix":5},"nm":"Transformar"}],"nm":"Grupo 23","np":14,"cix":2,"ix":1,"mn":"ADBE Vector Group","hd":false}],"ip":4.00000016292334,"op":94.0000038286985,"st":4.00000016292334,"bm":0},{"ddd":0,"ind":3,"ty":4,"nm":"Capa de formas 7","td":1,"sr":1,"ks":{"o":{"a":0,"k":100,"ix":11},"r":{"a":0,"k":0,"ix":10},"p":{"a":0,"k":[200,200,0],"ix":2},"a":{"a":0,"k":[0,0,0],"ix":1},"s":{"a":0,"k":[100,100,100],"ix":6}},"ao":0,"shapes":[{"ty":"gr","it":[{"ind":0,"ty":"sh","ix":1,"ks":{"a":0,"k":{"i":[[0,0],[-24,0],[0,0]],"o":[[0,0],[24,0],[0,0]],"v":[[-34.75,-57.25],[1,-43.5],[34.5,-58]],"c":false},"ix":2},"nm":"Trazado 1","mn":"ADBE Vector Shape - Group","hd":false},{"ty":"st","c":{"a":0,"k":[0.898038976333,0.956862984452,0.058824000639,1],"ix":3},"o":{"a":0,"k":100,"ix":4},"w":{"a":0,"k":13,"ix":5},"lc":1,"lj":1,"ml":4,"ml2":{"a":0,"k":4,"ix":8},"nm":"Trazo 1","mn":"ADBE Vector Graphic - Stroke","hd":false},{"ty":"fl","c":{"a":0,"k":[1,0,0,1],"ix":4},"o":{"a":0,"k":0,"ix":5},"r":1,"nm":"Relleno 1","mn":"ADBE Vector Graphic - Fill","hd":true},{"ty":"tr","p":{"a":0,"k":[0,0],"ix":2},"a":{"a":0,"k":[0,0],"ix":1},"s":{"a":0,"k":[100,100],"ix":3},"r":{"a":0,"k":0,"ix":6},"o":{"a":0,"k":100,"ix":7},"sk":{"a":0,"k":0,"ix":4},"sa":{"a":0,"k":0,"ix":5},"nm":"Transformar"}],"nm":"Forma 1","np":3,"cix":2,"ix":1,"mn":"ADBE Vector Group","hd":false},{"ty":"tm","s":{"a":0,"k":0,"ix":1},"e":{"a":1,"k":[{"i":{"x":[0],"y":[1]},"o":{"x":[0.333],"y":[0]},"n":["0_1_0p333_0"],"t":11,"s":[0],"e":[100]},{"t":27.0000010997325}],"ix":2},"o":{"a":0,"k":0,"ix":3},"m":1,"ix":2,"nm":"Recortar trazados 1","mn":"ADBE Vector Filter - Trim","hd":false}],"ip":4.00000016292334,"op":94.0000038286985,"st":4.00000016292334,"bm":0},{"ddd":0,"ind":4,"ty":4,"nm":"Muitu-logoTIPO contornos 6","tt":1,"sr":1,"ks":{"o":{"a":0,"k":100,"ix":11},"r":{"a":0,"k":0,"ix":10},"p":{"a":0,"k":[200,200,0],"ix":2},"a":{"a":0,"k":[2524.22,921.336,0],"ix":1},"s":{"a":0,"k":[26.303,26.303,100],"ix":6}},"ao":0,"shapes":[{"ty":"gr","it":[{"ind":0,"ty":"sh","ix":1,"ks":{"a":0,"k":{"i":[[11.676,-40.651],[0.645,0.541],[0,24.439],[-17.464,14.417],[-0.675,0.543]],"o":[[-0.675,-0.543],[-17.464,-14.418],[0,-24.439],[0.645,-0.541],[11.676,40.683]],"v":[[216.706,62.314],[214.709,60.689],[186.109,0.001],[214.709,-60.687],[216.706,-62.312]],"c":true},"ix":2},"nm":"Trazado 1","mn":"ADBE Vector Shape - Group","hd":false},{"ind":1,"ty":"sh","ix":2,"ks":{"a":0,"k":{"i":[[0.031,-0.102],[4.637,-8.257],[0.678,-1.115],[0.714,0.44],[0,46.606],[-36.486,23.525],[-0.712,0.408],[-0.642,-1.151],[-3.491,-8.699],[-0.032,-0.102],[0.679,-0.475],[0.373,-33.338],[0,0],[0,0],[-25.451,-17.802],[-0.709,-0.407]],"o":[[-3.491,8.729],[-0.642,1.152],[-0.712,-0.409],[-36.486,-23.527],[0,-46.607],[0.714,-0.441],[0.678,1.116],[4.637,8.293],[0.031,0.101],[-0.709,0.406],[-25.451,17.802],[0,0],[0,0],[0.373,33.336],[0.679,0.475],[-0.032,0.101]],"v":[[209.534,83.469],[197.414,108.989],[195.451,112.409],[193.352,111.123],[132.733,0.001],[193.352,-111.12],[195.451,-112.406],[197.414,-108.985],[209.534,-83.464],[209.667,-83.126],[207.601,-81.775],[165.057,-1.218],[166.276,0.001],[165.057,1.22],[207.601,81.776],[209.667,83.131]],"c":true},"ix":2},"nm":"Trazado 2","mn":"ADBE Vector Shape - Group","hd":false},{"ind":2,"ty":"sh","ix":3,"ks":{"a":0,"k":{"i":[[4.57,-4.741],[1.017,-1.021],[0,0],[1.622,1.082],[47.924,0],[36.862,-24.54],[1.866,-1.32],[0,0],[0,0],[0.984,1.047],[4.025,5.046],[-1.083,0.709],[0,58.251],[45.118,30.057],[1.116,0.675],[-4.568,4.74],[-1.015,1.015],[0,0],[0,0],[-1.895,-1.252],[-47.727,0],[-37.065,24.946],[-1.559,1.084],[0,0],[0,0],[-0.983,-1.049],[-4.061,-5.043],[0.71,-0.473],[0,-58.724],[-45.729,-29.92],[-0.743,-0.406]],"o":[[-0.983,1.047],[0,0],[-1.554,-1.153],[-37.032,-24.844],[-47.592,0],[-1.897,1.253],[0,0],[0,0],[-1.015,-1.021],[-4.568,-4.741],[1.116,-0.677],[45.118,-30.06],[0,-58.251],[-1.083,-0.709],[4.025,-5.045],[0.984,-1.049],[0,0],[0,0],[1.861,1.32],[36.892,24.674],[48.061,0],[1.59,-1.05],[0,0],[0,0],[1.017,1.015],[4.57,4.74],[-0.743,0.407],[-45.729,29.919],[0,58.727],[0.71,0.475],[-4.061,5.043]],"v":[[162.451,156.344],[159.437,159.458],[134.355,184.538],[129.586,181.219],[0.121,141.889],[-128.57,180.748],[-134.222,184.641],[-139.974,178.885],[-159.438,159.458],[-162.451,156.344],[-175.378,141.685],[-172.13,139.589],[-97.294,0.001],[-172.13,-139.585],[-175.378,-141.682],[-162.451,-156.339],[-159.438,-159.417],[-140.143,-178.746],[-134.49,-184.398],[-128.873,-180.54],[0.121,-141.483],[129.891,-181.015],[134.595,-184.265],[140.246,-178.614],[159.437,-159.417],[162.451,-156.339],[175.414,-141.651],[173.248,-140.294],[97.327,0.001],[173.248,140.298],[175.414,141.652]],"c":true},"ix":2},"nm":"Trazado 3","mn":"ADBE Vector Shape - Group","hd":false},{"ind":3,"ty":"sh","ix":4,"ks":{"a":0,"k":{"i":[[0,0],[23.961,0],[19.697,-10.763],[0,0],[-7.481,3.452],[-27.653,0],[-23.694,-11.201],[-6.632,-4.266]],"o":[[-19.665,-10.662],[-23.999,0],[0,0],[6.906,-4.398],[23.489,-11],[27.922,0],[7.209,3.35],[0,0]],"v":[[66.291,252.604],[0.121,235.849],[-66.153,252.704],[-98.851,220.007],[-77.256,208.162],[0.121,191.036],[78.171,208.467],[98.953,219.942]],"c":true},"ix":2},"nm":"Trazado 4","mn":"ADBE Vector Shape - Group","hd":false},{"ind":4,"ty":"sh","ix":5,"ks":{"a":0,"k":{"i":[[0,0],[0,0],[-15.842,0],[-13.539,-6.025]],"o":[[0,0],[13.573,-6.091],[15.773,0],[0,0]],"v":[[0.016,318.876],[-44.289,274.569],[0.121,265.126],[44.391,274.504]],"c":true},"ix":2},"nm":"Trazado 5","mn":"ADBE Vector Shape - Group","hd":false},{"ind":5,"ty":"sh","ix":6,"ks":{"a":0,"k":{"i":[[35.776,-23.658],[1.115,-0.68],[0.641,1.152],[3.456,8.729],[0.072,0.101],[-1.118,0.81],[0,33.237],[25.014,18.138],[1.156,0.714],[-0.028,0.101],[-4.602,8.293],[-0.711,1.15],[-1.084,-0.713],[0,-46.099]],"o":[[-1.084,0.712],[-0.711,-1.149],[-4.602,-8.257],[-0.028,-0.102],[1.156,-0.711],[25.014,-18.141],[0,-33.236],[-1.118,-0.814],[0.072,-0.097],[3.456,-8.699],[0.641,-1.151],[1.115,0.678],[35.776,23.658],[0,46.1]],"v":[[-192.132,110.342],[-195.45,112.443],[-197.448,108.989],[-209.535,83.469],[-209.669,83.165],[-206.248,80.828],[-164.988,0.001],[-206.248,-80.824],[-209.669,-83.163],[-209.535,-83.464],[-197.448,-108.985],[-195.45,-112.439],[-192.132,-110.339],[-132.731,0.001]],"c":true},"ix":2},"nm":"Trazado 6","mn":"ADBE Vector Shape - Group","hd":false},{"ind":6,"ty":"sh","ix":7,"ks":{"a":0,"k":{"i":[[16.685,-14.383],[1.185,-0.882],[-11.61,40.649],[-1.12,-0.98],[0,-23.796]],"o":[[-1.12,0.982],[-11.61,-40.617],[1.185,0.884],[16.685,14.387],[0,23.793]],"v":[[-213.355,59.503],[-216.774,62.281],[-216.774,-62.277],[-213.355,-59.505],[-186.108,0.001]],"c":true},"ix":2},"nm":"Trazado 7","mn":"ADBE Vector Shape - Group","hd":false},{"ind":7,"ty":"sh","ix":8,"ks":{"a":0,"k":{"i":[[0,0],[-24.136,0],[-19.733,10.798],[0,0],[7.107,-3.348],[28.126,0],[23.658,11.139],[6.835,4.366]],"o":[[19.736,10.831],[24.061,0],[0,0],[-6.567,4.232],[-23.828,11.311],[-27.893,0],[-7.345,-3.452],[0,0]],"v":[[-66.461,-252.396],[0.121,-235.406],[66.56,-252.332],[99.222,-219.635],[78.712,-208.233],[0.121,-190.592],[-77.831,-207.955],[-99.119,-219.734]],"c":true},"ix":2},"nm":"Trazado 8","mn":"ADBE Vector Shape - Group","hd":false},{"ind":8,"ty":"sh","ix":9,"ks":{"a":0,"k":{"i":[[0,0],[0,0],[15.872,0],[13.64,6.154]],"o":[[0,0],[-13.607,6.128],[-15.944,0],[0,0]],"v":[[0.016,-318.875],[44.695,-274.197],[0.121,-264.686],[-44.594,-274.26]],"c":true},"ix":2},"nm":"Trazado 9","mn":"ADBE Vector Shape - Group","hd":false},{"ind":9,"ty":"sh","ix":10,"ks":{"a":0,"k":{"i":[[15.574,50.668],[2.637,6.631],[5.415,9.711],[7.479,9.954],[7.616,7.886],[1.184,1.182],[0,0],[0,0],[0,0],[0,0],[1.152,-1.218],[6.431,-8.526],[5.891,-10.698],[4.062,-10.228],[2.065,-6.805],[-15.571,-50.669],[-2.639,-6.635],[-5.379,-9.711],[-7.48,-9.953],[-7.615,-7.891],[-1.184,-1.185],[0,0],[0,0],[0,0],[0,0],[0,0],[0,0],[0,0],[-1.151,1.217],[-6.432,8.526],[-5.889,10.698],[-4.097,10.223],[-2.063,6.805]],"o":[[-2.063,-6.805],[-4.097,-10.228],[-5.889,-10.698],[-6.432,-8.526],[-1.151,-1.218],[0,0],[0,0],[0,0],[0,0],[-1.184,1.182],[-7.615,7.886],[-7.48,9.954],[-5.379,9.711],[-2.639,6.631],[-15.571,50.668],[2.065,6.805],[4.062,10.223],[5.891,10.698],[6.431,8.526],[1.152,1.217],[0,0],[0,0],[0,0],[0,0],[0,0],[0,0],[0,0],[1.184,-1.185],[7.616,-7.891],[7.479,-9.953],[5.415,-9.711],[2.637,-6.635],[15.574,-50.669]],"v":[[253.192,-77.879],[246.121,-98.051],[231.906,-128.007],[211.868,-158.981],[190.813,-183.653],[187.294,-187.273],[0.016,-374.554],[-129.888,-244.646],[-164.618,-209.953],[-187.294,-187.273],[-190.814,-183.653],[-211.865,-158.981],[-231.94,-128.007],[-246.121,-98.051],[-253.195,-77.879],[-253.195,77.881],[-246.121,98.056],[-231.94,128.01],[-211.865,158.983],[-190.814,183.659],[-187.294,187.276],[-164.412,210.126],[-129.685,244.886],[-77.291,297.281],[0.016,374.554],[98.14,276.431],[164.547,210.024],[187.294,187.276],[190.813,183.659],[211.868,158.983],[231.906,128.01],[246.121,98.056],[253.192,77.881]],"c":true},"ix":2},"nm":"Trazado 10","mn":"ADBE Vector Shape - Group","hd":false},{"ty":"mm","mm":1,"nm":"Combinar trazados 1","mn":"ADBE Vector Filter - Merge","hd":false},{"ty":"gr","it":[{"ty":"tr","p":{"a":0,"k":[0,0],"ix":2},"a":{"a":0,"k":[0,0],"ix":1},"s":{"a":0,"k":[100,100],"ix":3},"r":{"a":0,"k":0,"ix":6},"o":{"a":0,"k":100,"ix":7},"sk":{"a":0,"k":0,"ix":4},"sa":{"a":0,"k":0,"ix":5},"nm":"Transformar"}],"nm":"Grupo 1","np":0,"cix":2,"ix":12,"mn":"ADBE Vector Group","hd":false},{"ty":"mm","mm":4,"nm":"Combinar trazados 2","mn":"ADBE Vector Filter - Merge","hd":false},{"ty":"fl","c":{"a":0,"k":[0.082257506427,0.062024744819,0.066905534034,1],"ix":4},"o":{"a":0,"k":100,"ix":5},"r":1,"nm":"Relleno 1","mn":"ADBE Vector Graphic - Fill","hd":false},{"ty":"tr","p":{"a":0,"k":[2524.221,921.336],"ix":2},"a":{"a":0,"k":[0,0],"ix":1},"s":{"a":0,"k":[100,100],"ix":3},"r":{"a":0,"k":0,"ix":6},"o":{"a":0,"k":100,"ix":7},"sk":{"a":0,"k":0,"ix":4},"sa":{"a":0,"k":0,"ix":5},"nm":"Transformar"}],"nm":"Grupo 23","np":14,"cix":2,"ix":1,"mn":"ADBE Vector Group","hd":false}],"ip":4.00000016292334,"op":94.0000038286985,"st":4.00000016292334,"bm":0}]},{"id":"comp_2","layers":[{"ddd":0,"ind":1,"ty":4,"nm":"Capa de formas 9","td":1,"sr":1,"ks":{"o":{"a":0,"k":100,"ix":11},"r":{"a":0,"k":0,"ix":10},"p":{"a":0,"k":[253.25,201,0],"ix":2},"a":{"a":0,"k":[41.5,1,0],"ix":1},"s":{"a":0,"k":[59,59,100],"ix":6}},"ao":0,"shapes":[{"ty":"gr","it":[{"ind":0,"ty":"sh","ix":1,"ks":{"a":0,"k":{"i":[[14.25,-11],[0,-18.25],[-10.25,-6]],"o":[[-11,9],[0,18.25],[11.107,6.501]],"v":[[52.75,-36.75],[30.25,1],[53,36.25]],"c":false},"ix":2},"nm":"Trazado 1","mn":"ADBE Vector Shape - Group","hd":false},{"ty":"st","c":{"a":0,"k":[0.898038976333,0.956862984452,0.058824000639,1],"ix":3},"o":{"a":0,"k":100,"ix":4},"w":{"a":0,"k":9,"ix":5},"lc":1,"lj":1,"ml":4,"ml2":{"a":0,"k":4,"ix":8},"nm":"Trazo 1","mn":"ADBE Vector Graphic - Stroke","hd":false},{"ty":"fl","c":{"a":0,"k":[0.082352941176,0.062745098039,0.066666666667,1],"ix":4},"o":{"a":0,"k":0,"ix":5},"r":1,"nm":"Relleno 1","mn":"ADBE Vector Graphic - Fill","hd":true},{"ty":"tr","p":{"a":0,"k":[-0.75,0],"ix":2},"a":{"a":0,"k":[0,0],"ix":1},"s":{"a":0,"k":[100,100],"ix":3},"r":{"a":0,"k":0,"ix":6},"o":{"a":0,"k":100,"ix":7},"sk":{"a":0,"k":0,"ix":4},"sa":{"a":0,"k":0,"ix":5},"nm":"Transformar"}],"nm":"Forma 1","np":3,"cix":2,"ix":1,"mn":"ADBE Vector Group","hd":false},{"ty":"tm","s":{"a":0,"k":0,"ix":1},"e":{"a":1,"k":[{"i":{"x":[0],"y":[1.002]},"o":{"x":[0.333],"y":[0]},"n":["0_1p002_0p333_0"],"t":7,"s":[0],"e":[100]},{"t":28.0000011404634}],"ix":2},"o":{"a":0,"k":0,"ix":3},"m":1,"ix":2,"nm":"Recortar trazados 1","mn":"ADBE Vector Filter - Trim","hd":false}],"ip":6.00000024438501,"op":93.0000037879676,"st":3.00000012219251,"bm":0},{"ddd":0,"ind":2,"ty":4,"nm":"Muitu-logoTIPO contornos 8","tt":1,"sr":1,"ks":{"o":{"a":0,"k":100,"ix":11},"r":{"a":0,"k":0,"ix":10},"p":{"a":0,"k":[200,200,0],"ix":2},"a":{"a":0,"k":[2524.22,921.336,0],"ix":1},"s":{"a":0,"k":[26.303,26.303,100],"ix":6}},"ao":0,"shapes":[{"ty":"gr","it":[{"ind":0,"ty":"sh","ix":1,"ks":{"a":0,"k":{"i":[[11.676,-40.651],[0.645,0.541],[0,24.439],[-17.464,14.417],[-0.675,0.543]],"o":[[-0.675,-0.543],[-17.464,-14.418],[0,-24.439],[0.645,-0.541],[11.676,40.683]],"v":[[216.706,62.314],[214.709,60.689],[186.109,0.001],[214.709,-60.687],[216.706,-62.312]],"c":true},"ix":2},"nm":"Trazado 1","mn":"ADBE Vector Shape - Group","hd":false},{"ind":1,"ty":"sh","ix":2,"ks":{"a":0,"k":{"i":[[0.031,-0.102],[4.637,-8.257],[0.678,-1.115],[0.714,0.44],[0,46.606],[-36.486,23.525],[-0.712,0.408],[-0.642,-1.151],[-3.491,-8.699],[-0.032,-0.102],[0.679,-0.475],[0.373,-33.338],[0,0],[0,0],[-25.451,-17.802],[-0.709,-0.407]],"o":[[-3.491,8.729],[-0.642,1.152],[-0.712,-0.409],[-36.486,-23.527],[0,-46.607],[0.714,-0.441],[0.678,1.116],[4.637,8.293],[0.031,0.101],[-0.709,0.406],[-25.451,17.802],[0,0],[0,0],[0.373,33.336],[0.679,0.475],[-0.032,0.101]],"v":[[209.534,83.469],[197.414,108.989],[195.451,112.409],[193.352,111.123],[132.733,0.001],[193.352,-111.12],[195.451,-112.406],[197.414,-108.985],[209.534,-83.464],[209.667,-83.126],[207.601,-81.775],[165.057,-1.218],[166.276,0.001],[165.057,1.22],[207.601,81.776],[209.667,83.131]],"c":true},"ix":2},"nm":"Trazado 2","mn":"ADBE Vector Shape - Group","hd":false},{"ind":2,"ty":"sh","ix":3,"ks":{"a":0,"k":{"i":[[4.57,-4.741],[1.017,-1.021],[0,0],[1.622,1.082],[47.924,0],[36.862,-24.54],[1.866,-1.32],[0,0],[0,0],[0.984,1.047],[4.025,5.046],[-1.083,0.709],[0,58.251],[45.118,30.057],[1.116,0.675],[-4.568,4.74],[-1.015,1.015],[0,0],[0,0],[-1.895,-1.252],[-47.727,0],[-37.065,24.946],[-1.559,1.084],[0,0],[0,0],[-0.983,-1.049],[-4.061,-5.043],[0.71,-0.473],[0,-58.724],[-45.729,-29.92],[-0.743,-0.406]],"o":[[-0.983,1.047],[0,0],[-1.554,-1.153],[-37.032,-24.844],[-47.592,0],[-1.897,1.253],[0,0],[0,0],[-1.015,-1.021],[-4.568,-4.741],[1.116,-0.677],[45.118,-30.06],[0,-58.251],[-1.083,-0.709],[4.025,-5.045],[0.984,-1.049],[0,0],[0,0],[1.861,1.32],[36.892,24.674],[48.061,0],[1.59,-1.05],[0,0],[0,0],[1.017,1.015],[4.57,4.74],[-0.743,0.407],[-45.729,29.919],[0,58.727],[0.71,0.475],[-4.061,5.043]],"v":[[162.451,156.344],[159.437,159.458],[134.355,184.538],[129.586,181.219],[0.121,141.889],[-128.57,180.748],[-134.222,184.641],[-139.974,178.885],[-159.438,159.458],[-162.451,156.344],[-175.378,141.685],[-172.13,139.589],[-97.294,0.001],[-172.13,-139.585],[-175.378,-141.682],[-162.451,-156.339],[-159.438,-159.417],[-140.143,-178.746],[-134.49,-184.398],[-128.873,-180.54],[0.121,-141.483],[129.891,-181.015],[134.595,-184.265],[140.246,-178.614],[159.437,-159.417],[162.451,-156.339],[175.414,-141.651],[173.248,-140.294],[97.327,0.001],[173.248,140.298],[175.414,141.652]],"c":true},"ix":2},"nm":"Trazado 3","mn":"ADBE Vector Shape - Group","hd":false},{"ind":3,"ty":"sh","ix":4,"ks":{"a":0,"k":{"i":[[0,0],[23.961,0],[19.697,-10.763],[0,0],[-7.481,3.452],[-27.653,0],[-23.694,-11.201],[-6.632,-4.266]],"o":[[-19.665,-10.662],[-23.999,0],[0,0],[6.906,-4.398],[23.489,-11],[27.922,0],[7.209,3.35],[0,0]],"v":[[66.291,252.604],[0.121,235.849],[-66.153,252.704],[-98.851,220.007],[-77.256,208.162],[0.121,191.036],[78.171,208.467],[98.953,219.942]],"c":true},"ix":2},"nm":"Trazado 4","mn":"ADBE Vector Shape - Group","hd":false},{"ind":4,"ty":"sh","ix":5,"ks":{"a":0,"k":{"i":[[0,0],[0,0],[-15.842,0],[-13.539,-6.025]],"o":[[0,0],[13.573,-6.091],[15.773,0],[0,0]],"v":[[0.016,318.876],[-44.289,274.569],[0.121,265.126],[44.391,274.504]],"c":true},"ix":2},"nm":"Trazado 5","mn":"ADBE Vector Shape - Group","hd":false},{"ind":5,"ty":"sh","ix":6,"ks":{"a":0,"k":{"i":[[35.776,-23.658],[1.115,-0.68],[0.641,1.152],[3.456,8.729],[0.072,0.101],[-1.118,0.81],[0,33.237],[25.014,18.138],[1.156,0.714],[-0.028,0.101],[-4.602,8.293],[-0.711,1.15],[-1.084,-0.713],[0,-46.099]],"o":[[-1.084,0.712],[-0.711,-1.149],[-4.602,-8.257],[-0.028,-0.102],[1.156,-0.711],[25.014,-18.141],[0,-33.236],[-1.118,-0.814],[0.072,-0.097],[3.456,-8.699],[0.641,-1.151],[1.115,0.678],[35.776,23.658],[0,46.1]],"v":[[-192.132,110.342],[-195.45,112.443],[-197.448,108.989],[-209.535,83.469],[-209.669,83.165],[-206.248,80.828],[-164.988,0.001],[-206.248,-80.824],[-209.669,-83.163],[-209.535,-83.464],[-197.448,-108.985],[-195.45,-112.439],[-192.132,-110.339],[-132.731,0.001]],"c":true},"ix":2},"nm":"Trazado 6","mn":"ADBE Vector Shape - Group","hd":false},{"ind":6,"ty":"sh","ix":7,"ks":{"a":0,"k":{"i":[[16.685,-14.383],[1.185,-0.882],[-11.61,40.649],[-1.12,-0.98],[0,-23.796]],"o":[[-1.12,0.982],[-11.61,-40.617],[1.185,0.884],[16.685,14.387],[0,23.793]],"v":[[-213.355,59.503],[-216.774,62.281],[-216.774,-62.277],[-213.355,-59.505],[-186.108,0.001]],"c":true},"ix":2},"nm":"Trazado 7","mn":"ADBE Vector Shape - Group","hd":false},{"ind":7,"ty":"sh","ix":8,"ks":{"a":0,"k":{"i":[[0,0],[-24.136,0],[-19.733,10.798],[0,0],[7.107,-3.348],[28.126,0],[23.658,11.139],[6.835,4.366]],"o":[[19.736,10.831],[24.061,0],[0,0],[-6.567,4.232],[-23.828,11.311],[-27.893,0],[-7.345,-3.452],[0,0]],"v":[[-66.461,-252.396],[0.121,-235.406],[66.56,-252.332],[99.222,-219.635],[78.712,-208.233],[0.121,-190.592],[-77.831,-207.955],[-99.119,-219.734]],"c":true},"ix":2},"nm":"Trazado 8","mn":"ADBE Vector Shape - Group","hd":false},{"ind":8,"ty":"sh","ix":9,"ks":{"a":0,"k":{"i":[[0,0],[0,0],[15.872,0],[13.64,6.154]],"o":[[0,0],[-13.607,6.128],[-15.944,0],[0,0]],"v":[[0.016,-318.875],[44.695,-274.197],[0.121,-264.686],[-44.594,-274.26]],"c":true},"ix":2},"nm":"Trazado 9","mn":"ADBE Vector Shape - Group","hd":false},{"ind":9,"ty":"sh","ix":10,"ks":{"a":0,"k":{"i":[[15.574,50.668],[2.637,6.631],[5.415,9.711],[7.479,9.954],[7.616,7.886],[1.184,1.182],[0,0],[0,0],[0,0],[0,0],[1.152,-1.218],[6.431,-8.526],[5.891,-10.698],[4.062,-10.228],[2.065,-6.805],[-15.571,-50.669],[-2.639,-6.635],[-5.379,-9.711],[-7.48,-9.953],[-7.615,-7.891],[-1.184,-1.185],[0,0],[0,0],[0,0],[0,0],[0,0],[0,0],[0,0],[-1.151,1.217],[-6.432,8.526],[-5.889,10.698],[-4.097,10.223],[-2.063,6.805]],"o":[[-2.063,-6.805],[-4.097,-10.228],[-5.889,-10.698],[-6.432,-8.526],[-1.151,-1.218],[0,0],[0,0],[0,0],[0,0],[-1.184,1.182],[-7.615,7.886],[-7.48,9.954],[-5.379,9.711],[-2.639,6.631],[-15.571,50.668],[2.065,6.805],[4.062,10.223],[5.891,10.698],[6.431,8.526],[1.152,1.217],[0,0],[0,0],[0,0],[0,0],[0,0],[0,0],[0,0],[1.184,-1.185],[7.616,-7.891],[7.479,-9.953],[5.415,-9.711],[2.637,-6.635],[15.574,-50.669]],"v":[[253.192,-77.879],[246.121,-98.051],[231.906,-128.007],[211.868,-158.981],[190.813,-183.653],[187.294,-187.273],[0.016,-374.554],[-129.888,-244.646],[-164.618,-209.953],[-187.294,-187.273],[-190.814,-183.653],[-211.865,-158.981],[-231.94,-128.007],[-246.121,-98.051],[-253.195,-77.879],[-253.195,77.881],[-246.121,98.056],[-231.94,128.01],[-211.865,158.983],[-190.814,183.659],[-187.294,187.276],[-164.412,210.126],[-129.685,244.886],[-77.291,297.281],[0.016,374.554],[98.14,276.431],[164.547,210.024],[187.294,187.276],[190.813,183.659],[211.868,158.983],[231.906,128.01],[246.121,98.056],[253.192,77.881]],"c":true},"ix":2},"nm":"Trazado 10","mn":"ADBE Vector Shape - Group","hd":false},{"ty":"mm","mm":1,"nm":"Combinar trazados 1","mn":"ADBE Vector Filter - Merge","hd":false},{"ty":"gr","it":[{"ty":"tr","p":{"a":0,"k":[0,0],"ix":2},"a":{"a":0,"k":[0,0],"ix":1},"s":{"a":0,"k":[100,100],"ix":3},"r":{"a":0,"k":0,"ix":6},"o":{"a":0,"k":100,"ix":7},"sk":{"a":0,"k":0,"ix":4},"sa":{"a":0,"k":0,"ix":5},"nm":"Transformar"}],"nm":"Grupo 1","np":0,"cix":2,"ix":12,"mn":"ADBE Vector Group","hd":false},{"ty":"mm","mm":4,"nm":"Combinar trazados 2","mn":"ADBE Vector Filter - Merge","hd":false},{"ty":"fl","c":{"a":0,"k":[0.082257506427,0.062024744819,0.066905534034,1],"ix":4},"o":{"a":0,"k":100,"ix":5},"r":1,"nm":"Relleno 1","mn":"ADBE Vector Graphic - Fill","hd":false},{"ty":"tr","p":{"a":0,"k":[2524.221,921.336],"ix":2},"a":{"a":0,"k":[0,0],"ix":1},"s":{"a":0,"k":[100,100],"ix":3},"r":{"a":0,"k":0,"ix":6},"o":{"a":0,"k":100,"ix":7},"sk":{"a":0,"k":0,"ix":4},"sa":{"a":0,"k":0,"ix":5},"nm":"Transformar"}],"nm":"Grupo 23","np":14,"cix":2,"ix":1,"mn":"ADBE Vector Group","hd":false}],"ip":6.00000024438501,"op":90.0000036657751,"st":0,"bm":0},{"ddd":0,"ind":3,"ty":4,"nm":"Capa de formas 7","td":1,"sr":1,"ks":{"o":{"a":0,"k":100,"ix":11},"r":{"a":0,"k":0,"ix":10},"p":{"a":0,"k":[241.5,201,0],"ix":2},"a":{"a":0,"k":[41.5,1,0],"ix":1},"s":{"a":0,"k":[100,100,100],"ix":6}},"ao":0,"shapes":[{"ty":"gr","it":[{"ind":0,"ty":"sh","ix":1,"ks":{"a":0,"k":{"i":[[14.25,-11],[0,-18.25],[-10.25,-6]],"o":[[-11,9],[0,18.25],[11.107,6.501]],"v":[[52.75,-36.75],[30.25,1],[53,36.25]],"c":false},"ix":2},"nm":"Trazado 1","mn":"ADBE Vector Shape - Group","hd":false},{"ty":"st","c":{"a":0,"k":[0.898038976333,0.956862984452,0.058824000639,1],"ix":3},"o":{"a":0,"k":100,"ix":4},"w":{"a":0,"k":10,"ix":5},"lc":1,"lj":1,"ml":4,"ml2":{"a":0,"k":4,"ix":8},"nm":"Trazo 1","mn":"ADBE Vector Graphic - Stroke","hd":false},{"ty":"fl","c":{"a":0,"k":[0.082352941176,0.062745098039,0.066666666667,1],"ix":4},"o":{"a":0,"k":0,"ix":5},"r":1,"nm":"Relleno 1","mn":"ADBE Vector Graphic - Fill","hd":true},{"ty":"tr","p":{"a":0,"k":[0,0],"ix":2},"a":{"a":0,"k":[0,0],"ix":1},"s":{"a":0,"k":[100,100],"ix":3},"r":{"a":0,"k":0,"ix":6},"o":{"a":0,"k":100,"ix":7},"sk":{"a":0,"k":0,"ix":4},"sa":{"a":0,"k":0,"ix":5},"nm":"Transformar"}],"nm":"Forma 1","np":3,"cix":2,"ix":1,"mn":"ADBE Vector Group","hd":false},{"ty":"tm","s":{"a":0,"k":0,"ix":1},"e":{"a":1,"k":[{"i":{"x":[0],"y":[1.002]},"o":{"x":[0.333],"y":[0]},"n":["0_1p002_0p333_0"],"t":10,"s":[0],"e":[100]},{"t":28.0000011404634}],"ix":2},"o":{"a":0,"k":0,"ix":3},"m":1,"ix":2,"nm":"Recortar trazados 1","mn":"ADBE Vector Filter - Trim","hd":false}],"ip":9.00000036657752,"op":90.0000036657751,"st":0,"bm":0},{"ddd":0,"ind":4,"ty":4,"nm":"Muitu-logoTIPO contornos 6","tt":1,"sr":1,"ks":{"o":{"a":0,"k":100,"ix":11},"r":{"a":0,"k":0,"ix":10},"p":{"a":0,"k":[200,200,0],"ix":2},"a":{"a":0,"k":[2524.22,921.336,0],"ix":1},"s":{"a":0,"k":[26.303,26.303,100],"ix":6}},"ao":0,"shapes":[{"ty":"gr","it":[{"ind":0,"ty":"sh","ix":1,"ks":{"a":0,"k":{"i":[[11.676,-40.651],[0.645,0.541],[0,24.439],[-17.464,14.417],[-0.675,0.543]],"o":[[-0.675,-0.543],[-17.464,-14.418],[0,-24.439],[0.645,-0.541],[11.676,40.683]],"v":[[216.706,62.314],[214.709,60.689],[186.109,0.001],[214.709,-60.687],[216.706,-62.312]],"c":true},"ix":2},"nm":"Trazado 1","mn":"ADBE Vector Shape - Group","hd":false},{"ind":1,"ty":"sh","ix":2,"ks":{"a":0,"k":{"i":[[0.031,-0.102],[4.637,-8.257],[0.678,-1.115],[0.714,0.44],[0,46.606],[-36.486,23.525],[-0.712,0.408],[-0.642,-1.151],[-3.491,-8.699],[-0.032,-0.102],[0.679,-0.475],[0.373,-33.338],[0,0],[0,0],[-25.451,-17.802],[-0.709,-0.407]],"o":[[-3.491,8.729],[-0.642,1.152],[-0.712,-0.409],[-36.486,-23.527],[0,-46.607],[0.714,-0.441],[0.678,1.116],[4.637,8.293],[0.031,0.101],[-0.709,0.406],[-25.451,17.802],[0,0],[0,0],[0.373,33.336],[0.679,0.475],[-0.032,0.101]],"v":[[209.534,83.469],[197.414,108.989],[195.451,112.409],[193.352,111.123],[132.733,0.001],[193.352,-111.12],[195.451,-112.406],[197.414,-108.985],[209.534,-83.464],[209.667,-83.126],[207.601,-81.775],[165.057,-1.218],[166.276,0.001],[165.057,1.22],[207.601,81.776],[209.667,83.131]],"c":true},"ix":2},"nm":"Trazado 2","mn":"ADBE Vector Shape - Group","hd":false},{"ind":2,"ty":"sh","ix":3,"ks":{"a":0,"k":{"i":[[4.57,-4.741],[1.017,-1.021],[0,0],[1.622,1.082],[47.924,0],[36.862,-24.54],[1.866,-1.32],[0,0],[0,0],[0.984,1.047],[4.025,5.046],[-1.083,0.709],[0,58.251],[45.118,30.057],[1.116,0.675],[-4.568,4.74],[-1.015,1.015],[0,0],[0,0],[-1.895,-1.252],[-47.727,0],[-37.065,24.946],[-1.559,1.084],[0,0],[0,0],[-0.983,-1.049],[-4.061,-5.043],[0.71,-0.473],[0,-58.724],[-45.729,-29.92],[-0.743,-0.406]],"o":[[-0.983,1.047],[0,0],[-1.554,-1.153],[-37.032,-24.844],[-47.592,0],[-1.897,1.253],[0,0],[0,0],[-1.015,-1.021],[-4.568,-4.741],[1.116,-0.677],[45.118,-30.06],[0,-58.251],[-1.083,-0.709],[4.025,-5.045],[0.984,-1.049],[0,0],[0,0],[1.861,1.32],[36.892,24.674],[48.061,0],[1.59,-1.05],[0,0],[0,0],[1.017,1.015],[4.57,4.74],[-0.743,0.407],[-45.729,29.919],[0,58.727],[0.71,0.475],[-4.061,5.043]],"v":[[162.451,156.344],[159.437,159.458],[134.355,184.538],[129.586,181.219],[0.121,141.889],[-128.57,180.748],[-134.222,184.641],[-139.974,178.885],[-159.438,159.458],[-162.451,156.344],[-175.378,141.685],[-172.13,139.589],[-97.294,0.001],[-172.13,-139.585],[-175.378,-141.682],[-162.451,-156.339],[-159.438,-159.417],[-140.143,-178.746],[-134.49,-184.398],[-128.873,-180.54],[0.121,-141.483],[129.891,-181.015],[134.595,-184.265],[140.246,-178.614],[159.437,-159.417],[162.451,-156.339],[175.414,-141.651],[173.248,-140.294],[97.327,0.001],[173.248,140.298],[175.414,141.652]],"c":true},"ix":2},"nm":"Trazado 3","mn":"ADBE Vector Shape - Group","hd":false},{"ind":3,"ty":"sh","ix":4,"ks":{"a":0,"k":{"i":[[0,0],[23.961,0],[19.697,-10.763],[0,0],[-7.481,3.452],[-27.653,0],[-23.694,-11.201],[-6.632,-4.266]],"o":[[-19.665,-10.662],[-23.999,0],[0,0],[6.906,-4.398],[23.489,-11],[27.922,0],[7.209,3.35],[0,0]],"v":[[66.291,252.604],[0.121,235.849],[-66.153,252.704],[-98.851,220.007],[-77.256,208.162],[0.121,191.036],[78.171,208.467],[98.953,219.942]],"c":true},"ix":2},"nm":"Trazado 4","mn":"ADBE Vector Shape - Group","hd":false},{"ind":4,"ty":"sh","ix":5,"ks":{"a":0,"k":{"i":[[0,0],[0,0],[-15.842,0],[-13.539,-6.025]],"o":[[0,0],[13.573,-6.091],[15.773,0],[0,0]],"v":[[0.016,318.876],[-44.289,274.569],[0.121,265.126],[44.391,274.504]],"c":true},"ix":2},"nm":"Trazado 5","mn":"ADBE Vector Shape - Group","hd":false},{"ind":5,"ty":"sh","ix":6,"ks":{"a":0,"k":{"i":[[35.776,-23.658],[1.115,-0.68],[0.641,1.152],[3.456,8.729],[0.072,0.101],[-1.118,0.81],[0,33.237],[25.014,18.138],[1.156,0.714],[-0.028,0.101],[-4.602,8.293],[-0.711,1.15],[-1.084,-0.713],[0,-46.099]],"o":[[-1.084,0.712],[-0.711,-1.149],[-4.602,-8.257],[-0.028,-0.102],[1.156,-0.711],[25.014,-18.141],[0,-33.236],[-1.118,-0.814],[0.072,-0.097],[3.456,-8.699],[0.641,-1.151],[1.115,0.678],[35.776,23.658],[0,46.1]],"v":[[-192.132,110.342],[-195.45,112.443],[-197.448,108.989],[-209.535,83.469],[-209.669,83.165],[-206.248,80.828],[-164.988,0.001],[-206.248,-80.824],[-209.669,-83.163],[-209.535,-83.464],[-197.448,-108.985],[-195.45,-112.439],[-192.132,-110.339],[-132.731,0.001]],"c":true},"ix":2},"nm":"Trazado 6","mn":"ADBE Vector Shape - Group","hd":false},{"ind":6,"ty":"sh","ix":7,"ks":{"a":0,"k":{"i":[[16.685,-14.383],[1.185,-0.882],[-11.61,40.649],[-1.12,-0.98],[0,-23.796]],"o":[[-1.12,0.982],[-11.61,-40.617],[1.185,0.884],[16.685,14.387],[0,23.793]],"v":[[-213.355,59.503],[-216.774,62.281],[-216.774,-62.277],[-213.355,-59.505],[-186.108,0.001]],"c":true},"ix":2},"nm":"Trazado 7","mn":"ADBE Vector Shape - Group","hd":false},{"ind":7,"ty":"sh","ix":8,"ks":{"a":0,"k":{"i":[[0,0],[-24.136,0],[-19.733,10.798],[0,0],[7.107,-3.348],[28.126,0],[23.658,11.139],[6.835,4.366]],"o":[[19.736,10.831],[24.061,0],[0,0],[-6.567,4.232],[-23.828,11.311],[-27.893,0],[-7.345,-3.452],[0,0]],"v":[[-66.461,-252.396],[0.121,-235.406],[66.56,-252.332],[99.222,-219.635],[78.712,-208.233],[0.121,-190.592],[-77.831,-207.955],[-99.119,-219.734]],"c":true},"ix":2},"nm":"Trazado 8","mn":"ADBE Vector Shape - Group","hd":false},{"ind":8,"ty":"sh","ix":9,"ks":{"a":0,"k":{"i":[[0,0],[0,0],[15.872,0],[13.64,6.154]],"o":[[0,0],[-13.607,6.128],[-15.944,0],[0,0]],"v":[[0.016,-318.875],[44.695,-274.197],[0.121,-264.686],[-44.594,-274.26]],"c":true},"ix":2},"nm":"Trazado 9","mn":"ADBE Vector Shape - Group","hd":false},{"ind":9,"ty":"sh","ix":10,"ks":{"a":0,"k":{"i":[[15.574,50.668],[2.637,6.631],[5.415,9.711],[7.479,9.954],[7.616,7.886],[1.184,1.182],[0,0],[0,0],[0,0],[0,0],[1.152,-1.218],[6.431,-8.526],[5.891,-10.698],[4.062,-10.228],[2.065,-6.805],[-15.571,-50.669],[-2.639,-6.635],[-5.379,-9.711],[-7.48,-9.953],[-7.615,-7.891],[-1.184,-1.185],[0,0],[0,0],[0,0],[0,0],[0,0],[0,0],[0,0],[-1.151,1.217],[-6.432,8.526],[-5.889,10.698],[-4.097,10.223],[-2.063,6.805]],"o":[[-2.063,-6.805],[-4.097,-10.228],[-5.889,-10.698],[-6.432,-8.526],[-1.151,-1.218],[0,0],[0,0],[0,0],[0,0],[-1.184,1.182],[-7.615,7.886],[-7.48,9.954],[-5.379,9.711],[-2.639,6.631],[-15.571,50.668],[2.065,6.805],[4.062,10.223],[5.891,10.698],[6.431,8.526],[1.152,1.217],[0,0],[0,0],[0,0],[0,0],[0,0],[0,0],[0,0],[1.184,-1.185],[7.616,-7.891],[7.479,-9.953],[5.415,-9.711],[2.637,-6.635],[15.574,-50.669]],"v":[[253.192,-77.879],[246.121,-98.051],[231.906,-128.007],[211.868,-158.981],[190.813,-183.653],[187.294,-187.273],[0.016,-374.554],[-129.888,-244.646],[-164.618,-209.953],[-187.294,-187.273],[-190.814,-183.653],[-211.865,-158.981],[-231.94,-128.007],[-246.121,-98.051],[-253.195,-77.879],[-253.195,77.881],[-246.121,98.056],[-231.94,128.01],[-211.865,158.983],[-190.814,183.659],[-187.294,187.276],[-164.412,210.126],[-129.685,244.886],[-77.291,297.281],[0.016,374.554],[98.14,276.431],[164.547,210.024],[187.294,187.276],[190.813,183.659],[211.868,158.983],[231.906,128.01],[246.121,98.056],[253.192,77.881]],"c":true},"ix":2},"nm":"Trazado 10","mn":"ADBE Vector Shape - Group","hd":false},{"ty":"mm","mm":1,"nm":"Combinar trazados 1","mn":"ADBE Vector Filter - Merge","hd":false},{"ty":"gr","it":[{"ty":"tr","p":{"a":0,"k":[0,0],"ix":2},"a":{"a":0,"k":[0,0],"ix":1},"s":{"a":0,"k":[100,100],"ix":3},"r":{"a":0,"k":0,"ix":6},"o":{"a":0,"k":100,"ix":7},"sk":{"a":0,"k":0,"ix":4},"sa":{"a":0,"k":0,"ix":5},"nm":"Transformar"}],"nm":"Grupo 1","np":0,"cix":2,"ix":12,"mn":"ADBE Vector Group","hd":false},{"ty":"mm","mm":4,"nm":"Combinar trazados 2","mn":"ADBE Vector Filter - Merge","hd":false},{"ty":"fl","c":{"a":0,"k":[0.082257506427,0.062024744819,0.066905534034,1],"ix":4},"o":{"a":0,"k":100,"ix":5},"r":1,"nm":"Relleno 1","mn":"ADBE Vector Graphic - Fill","hd":false},{"ty":"tr","p":{"a":0,"k":[2524.221,921.336],"ix":2},"a":{"a":0,"k":[0,0],"ix":1},"s":{"a":0,"k":[100,100],"ix":3},"r":{"a":0,"k":0,"ix":6},"o":{"a":0,"k":100,"ix":7},"sk":{"a":0,"k":0,"ix":4},"sa":{"a":0,"k":0,"ix":5},"nm":"Transformar"}],"nm":"Grupo 23","np":14,"cix":2,"ix":1,"mn":"ADBE Vector Group","hd":false}],"ip":9.00000036657752,"op":90.0000036657751,"st":0,"bm":0}]}],"layers":[{"ddd":0,"ind":1,"ty":0,"nm":"todo","refId":"comp_0","sr":1,"ks":{"o":{"a":0,"k":100,"ix":11},"r":{"a":0,"k":0,"ix":10},"p":{"a":0,"k":[200,200,0],"ix":2},"a":{"a":0,"k":[200,200,0],"ix":1},"s":{"a":0,"k":[100,100,100],"ix":6}},"ao":0,"tm":{"a":1,"k":[{"i":{"x":[0.833],"y":[0.833]},"o":{"x":[0.167],"y":[0.167]},"n":["0p833_0p833_0p167_0p167"],"t":0,"s":[0],"e":[1.502]},{"i":{"x":[0.833],"y":[0.833]},"o":{"x":[0.167],"y":[0.167]},"n":["0p833_0p833_0p167_0p167"],"t":46,"s":[1.502],"e":[1.502]},{"i":{"x":[0.833],"y":[0.833]},"o":{"x":[0.167],"y":[0.167]},"n":["0p833_0p833_0p167_0p167"],"t":61,"s":[1.502],"e":[0]},{"i":{"x":[0.833],"y":[0.833]},"o":{"x":[0.167],"y":[0.167]},"n":["0p833_0p833_0p167_0p167"],"t":108,"s":[0],"e":[0]},{"i":{"x":[0.833],"y":[0.833]},"o":{"x":[0.167],"y":[0.167]},"n":["0p833_0p833_0p167_0p167"],"t":112,"s":[0],"e":[3.003]},{"t":116.000004724777}],"ix":2},"w":400,"h":400,"ip":0,"op":113.000004602584,"st":0,"bm":0}],"markers":[]}